row_id,task_en,tugas,tugas_raw,task_en_raw,jatuh_tempo_hari,ada_tenggat,tenggat_hari,durasi_jam,durasi_menit,tingkat_kepentingan_1_10,notes_en,catatan,quality_flag,label_review_needed,source_group_id,data_source,source_dataset,source_row_id,upstream_match,label_provenance,license,created_at
dur_0000,clean up project folder,rapikan folder project,rapikan folder project,clean up project folder,20.0,1,20.0,0.4,24.0,5,,,,0,grp_a2c49f90fe,original,huggingface:samder03/Project1,,unverified,human_estimated,MIT,2026-08-12
dur_0001,write abstract for paper,tulis abstrak paper,tulis abstrak paper,write abstract for paper,7.0,1,7.0,1.0,60.0,9,,,,0,grp_c0b94a98d1,original,huggingface:samder03/Project1,,unverified,human_estimated,MIT,2026-08-12
dur_0002,clean bathroom sink,bersihkan wastafel kamar mandi,bersihkan wastafel kamar mandi,clean bathroom sink,2.0,1,2.0,0.4,24.0,7,,,,0,grp_7417c02c3b,original,huggingface:samder03/Project1,,unverified,human_estimated,MIT,2026-08-12
dur_0003,dust ceiling fan,bersihkan debu kipas langit-langit,bersihkan debu kipas langit-langit,dust ceiling fan,13.0,1,13.0,0.2,12.0,4,,,,0,grp_0b9b4c3e92,original,huggingface:samder03/Project1,,unverified,human_estimated,MIT,2026-08-12
dur_0004,buy laundry detergent,beli deterjen,beli deterjen,buy laundry detergent,16.0,1,16.0,0.5,30.0,8,,,,0,grp_e4f94600d5,original,huggingface:samder03/Project1,,unverified,human_estimated,MIT,2026-08-12
dur_0005,empty trash in bathroom,buang sampah di kamar mandi,buang sampah di kamar mandi,empty trash in bathroom,3.0,1,3.0,0.1,6.0,7,,,,0,grp_46f12677e0,original,huggingface:samder03/Project1,,unverified,human_estimated,MIT,2026-08-12
dur_0006,clip toenails,potong kuku kaki,potong kuku kaki,clip toenails,7.0,1,7.0,0.25,15.0,4,,,,0,grp_30438bcca5,original,huggingface:samder03/Project1,,unverified,human_estimated,MIT,2026-08-12
dur_0007,pack gym bag,siapkan tas gym,siapkan tas gym,pack gym bag,1.0,1,1.0,0.1,6.0,2,,,,0,grp_8c9d9db8c5,original,huggingface:samder03/Project1,,unverified,human_estimated,MIT,2026-08-12
dur_0008,take a nap,tidur siang,tidur siang,take a nap,-1.0,0,,0.5,30.0,3,,,,0,grp_607ad48a73,original,huggingface:samder03/Project1,,unverified,human_estimated,MIT,2026-08-12
dur_0009,make pasta,masak pasta,masak pasta,make pasta,4.0,1,4.0,0.5,30.0,5,,,,0,grp_e53a9be247,original,huggingface:samder03/Project1,,unverified,human_estimated,MIT,2026-08-12
dur_0010,prep salad,siapkan salad,siapkan salad,prep salad,1.0,1,1.0,0.2,12.0,6,,,,0,grp_2c158d4d69,original,huggingface:samder03/Project1,,unverified,human_estimated,MIT,2026-08-12
dur_0011,organize spice rack,rapikan rak bumbu,rapikan rak bumbu,organize spice rack,-1.0,0,,0.25,15.0,1,,,,0,grp_47f19a7fd1,original,huggingface:samder03/Project1,,unverified,human_estimated,MIT,2026-08-12
dur_0012,roast vegetables,panggang sayuran,panggang sayuran,roast vegetables,2.0,1,2.0,0.4,24.0,5,,,,0,grp_2a6fa3c136,original,huggingface:samder03/Project1,,unverified,human_estimated,MIT,2026-08-12
dur_0013,listen to the playlist my friend sent me,dengarkan playlist kiriman teman,dengarkan playlist kiriman teman,listen to the playlist my friend sent me,-1.0,0,,0.75,45.0,3,,,,0,grp_fc6ab62606,original,huggingface:samder03/Project1,,unverified,human_estimated,MIT,2026-08-12
dur_0014,make a pinterest board,buat board pinterest,buat board pinterest,make a pinterest board,-1.0,0,,1.0,60.0,1,,,,0,grp_0b4148553b,original,huggingface:samder03/Project1,,unverified,human_estimated,MIT,2026-08-12
dur_0015,send venmo request for dinner,kirim permintaan pembayaran venmo untuk makan malam,kirim permintaan pembayaran venmo untuk makan malam,send venmo request for dinner,4.0,1,4.0,0.1,6.0,9,,,,0,grp_fcd2021b77,original,huggingface:samder03/Project1,,unverified,human_estimated,MIT,2026-08-12
dur_0016,schedule brunch with friends,atur jadwal brunch dengan teman,atur jadwal brunch dengan teman,schedule brunch with friends,3.0,1,3.0,0.2,12.0,6,,,,0,grp_e98214efe5,original,huggingface:samder03/Project1,,unverified,human_estimated,MIT,2026-08-12
dur_0017,do class reading,baca bacaan kuliah,baca bacaan kuliah,do class reading,7.0,1,7.0,0.5,30.0,7,,,,0,grp_4261098f68,original,huggingface:samder03/Project1,,unverified,human_estimated,MIT,2026-08-12
dur_0018,schedule meeting with advisor,atur jadwal bertemu dosen pembimbing,atur jadwal bertemu dosen pembimbing,schedule meeting with advisor,18.0,1,18.0,0.1,6.0,8,,,,0,grp_c0225e8fb3,original,huggingface:samder03/Project1,,unverified,human_estimated,MIT,2026-08-12
dur_0019,wash my coffee mug,cuci gelas kopi,cuci gelas kopi,wash my coffee mug,1.0,1,1.0,0.1,6.0,8,,,,0,grp_038a897e7f,original,huggingface:samder03/Project1,,unverified,human_estimated,MIT,2026-08-12
dur_0020,throw out junk mail,buang surat sampah/junk mail,buang surat sampah/junk mail,throw out junk mail,-1.0,0,,0.15,9.0,1,,,,0,grp_2d5734756d,original,huggingface:samder03/Project1,,unverified,human_estimated,MIT,2026-08-12
dur_0021,make my bed,rapikan tempat tidur,rapikan tempat tidur,make my bed,0.0,1,0.0,0.1,6.0,3,,,label_bentrok_teks_sama,0,grp_d0b1579690,original,huggingface:samder03/Project1,,unverified,human_estimated,MIT,2026-08-12
dur_0022,wash makeup bag,cuci tas makeup,cuci tas makeup,wash makeup bag,2.0,1,2.0,0.2,12.0,4,,,,0,grp_09de9c7a01,original,huggingface:samder03/Project1,,unverified,human_estimated,MIT,2026-08-12
dur_0023,take a walk in the park,jalan-jalan di taman,jalan-jalan di taman,take a walk in the park,-1.0,0,,0.75,45.0,1,,,,0,grp_bffa63f015,original,huggingface:samder03/Project1,,unverified,human_estimated,MIT,2026-08-12
dur_0024,wipe down fridge drawers,lap laci kulkas,lap laci kulkas,wipe down fridge drawers,3.0,1,3.0,0.25,15.0,4,,,,0,grp_5d8d04f0a8,original,huggingface:samder03/Project1,,unverified,human_estimated,MIT,2026-08-12
dur_0025,boil eggs,merebus telur,merebus telur,boil eggs,1.0,1,1.0,0.1,6.0,5,,,,0,grp_deeda7eac3,original,huggingface:samder03/Project1,,unverified,human_estimated,MIT,2026-08-12
dur_0026,practice photography,latihan fotografi,latihan fotografi,practice photography,-1.0,0,,1.0,60.0,2,,,,0,grp_fedb064cc9,original,huggingface:samder03/Project1,,unverified,human_estimated,MIT,2026-08-12
dur_0027,try the chiffon cake recipe,coba resep chiffon cake,coba resep chiffon cake,try the chiffon cake recipe,-1.0,0,,1.0,60.0,1,,,,0,grp_70e340a8a9,original,huggingface:samder03/Project1,,unverified,human_estimated,MIT,2026-08-12
dur_0028,make spring break instagram post,buat post instagram spring break,buat post instagram spring break,make spring break instagram post,-1.0,0,,0.5,30.0,1,,,,0,grp_1cefb14635,original,huggingface:samder03/Project1,,unverified,human_estimated,MIT,2026-08-12
dur_0029,cut my bangs,potong poni,potong poni,cut my bangs,-1.0,0,,0.25,15.0,2,,,,0,grp_b932670132,original,huggingface:samder03/Project1,,unverified,human_estimated,MIT,2026-08-12
dur_0030,take space robotics quiz,kerjakan kuis space robotics,kerjakan kuis space robotics,take space robotics quiz,4.0,1,4.0,0.25,15.0,10,,,,0,grp_f8022c62cd,original,huggingface:samder03/Project1,,unverified,human_estimated,MIT,2026-08-12
dur_0031,take modern control theory take home exam,kerjakan ujian take home modern control theory,kerjakan ujian take home modern control theory,take modern control theory take home exam,2.0,1,2.0,1.5,90.0,10,,,,0,grp_5b1bfb1856,original,huggingface:samder03/Project1,,unverified,human_estimated,MIT,2026-08-12
dur_0032,send out booth when2meet,kirim link when2meet untuk booth,kirim link when2meet untuk booth,send out booth when2meet,1.0,1,1.0,0.2,12.0,8,,,,0,grp_635a4d62e4,original,huggingface:samder03/Project1,,unverified,human_estimated,MIT,2026-08-12
dur_0033,update excel sheet with data,update data di excel,update data di excel,update excel sheet with data,1.0,1,1.0,0.4,24.0,9,,,,0,grp_6dd9187b44,original,huggingface:samder03/Project1,,unverified,human_estimated,MIT,2026-08-12
dur_0034,revise intro paragraph for research paper,revisi paragraf pembuka paper riset,revisi paragraf pembuka paper riset,revise intro paragraph for research paper,4.0,1,4.0,0.5,30.0,8,,,,0,grp_4b057722e6,original,huggingface:samder03/Project1,,unverified,human_estimated,MIT,2026-08-12
dur_0035,replace kitchen trash bag,ganti kantong sampah dapur,ganti kantong sampah dapur,replace kitchen trash bag,0.0,1,0.0,0.1,6.0,7,,,,0,grp_f495180061,original,huggingface:samder03/Project1,,unverified,human_estimated,MIT,2026-08-12
dur_0036,fold bed sheets,lipat seprai,lipat seprai,fold bed sheets,1.0,1,1.0,0.1,6.0,7,,,,0,grp_a6ad90b9c8,original,huggingface:samder03/Project1,,unverified,human_estimated,MIT,2026-08-12
dur_0037,write in my journal,tulis di jurnal/diary,tulis di jurnal/diary,write in my journal,-1.0,0,,0.25,15.0,1,,,,0,grp_42819b7db5,original,huggingface:samder03/Project1,,unverified,human_estimated,MIT,2026-08-12
dur_0038,write weekly goals,tulis target mingguan,tulis target mingguan,write weekly goals,2.0,1,2.0,0.2,12.0,1,,,,0,grp_36bfb84c13,original,huggingface:samder03/Project1,,unverified,human_estimated,MIT,2026-08-12
dur_0039,buy frozen dumplings,beli dumpling beku,beli dumpling beku,buy frozen dumplings,-1.0,0,,0.5,30.0,3,,,,0,grp_d760ca9bfa,original,huggingface:samder03/Project1,,unverified,human_estimated,MIT,2026-08-12
dur_0040,marinate chicken,marinasi ayam,marinasi ayam,marinate chicken,1.0,1,1.0,0.4,24.0,5,,,,0,grp_c3aa1a8832,original,huggingface:samder03/Project1,,unverified,human_estimated,MIT,2026-08-12
dur_0041,make hot tea,buat teh hangat,buat teh hangat,make hot tea,-1.0,0,,0.15,9.0,4,,,,0,grp_1a7b77d798,original,huggingface:samder03/Project1,,unverified,human_estimated,MIT,2026-08-12
dur_0042,make matcha,buat matcha,buat matcha,make matcha,-1.0,0,,0.15,9.0,4,,,,0,grp_4ed8516116,original,huggingface:samder03/Project1,,unverified,human_estimated,MIT,2026-08-12
dur_0043,buy matcha,beli matcha,beli matcha,buy matcha,-1.0,0,,0.5,30.0,4,,,,0,grp_735ebbc70c,original,huggingface:samder03/Project1,,unverified,human_estimated,MIT,2026-08-12
dur_0044,plan trip to the museum,rencanakan trip ke museum,rencanakan trip ke museum,plan trip to the museum,-1.0,0,,0.4,24.0,2,,,,0,grp_e5f2d70e67,original,huggingface:samder03/Project1,,unverified,human_estimated,MIT,2026-08-12
dur_0045,text my aunt back,balas chat tante,balas chat tante,text my aunt back,2.0,1,2.0,0.1,6.0,6,,,,0,grp_89075cca23,original,huggingface:samder03/Project1,,unverified,human_estimated,MIT,2026-08-12
dur_0046,buy a new puzzle,beli puzzle baru,beli puzzle baru,buy a new puzzle,-1.0,0,,0.5,30.0,1,,,,0,grp_15db7e9e9f,original,huggingface:samder03/Project1,,unverified,human_estimated,MIT,2026-08-12
dur_0047,delete old notes,hapus catatan lama,hapus catatan lama,delete old notes,-1.0,0,,0.75,45.0,2,,,,0,grp_7591b3ee47,original,huggingface:samder03/Project1,,unverified,human_estimated,MIT,2026-08-12
dur_0048,throw out expired makeup,buang makeup kedaluwarsa,buang makeup kedaluwarsa,throw out expired makeup,5.0,1,5.0,0.3,18.0,6,,,,0,grp_13ac6df760,original,huggingface:samder03/Project1,,unverified,human_estimated,MIT,2026-08-12
dur_0049,read a chapter of kindle book,baca satu bab buku di kindle,baca satu bab buku di kindle,read a chapter of kindle book,-1.0,0,,0.3,18.0,1,,,,0,grp_7e8cb6ebff,original,huggingface:samder03/Project1,,unverified,human_estimated,MIT,2026-08-12
dur_0050,vacuum room,vacuum ruangan,vacuum ruangan,vacuum room,-1.0,0,,0.5,30.0,2,"room is dirty, dust on floor","kamar kotor, ada debu di lantai",,0,grp_9aaec1e914,original,huggingface:samder03/Project1,,unverified,human_estimated,MIT,2026-08-12
dur_0051,finish feedback control systems homework 2 as soon as possible,selesaikan PR feedback control systems nomor 2 secepatnya,selesaikan PR feedback control systems nomor 2 secepatnya,finish feedback control systems homework 2 as soon as possible,1.0,1,1.0,4.0,240.0,7,behind due to sickness,tertinggal karena sakit,,0,grp_2dfbe4f465,original,huggingface:samder03/Project1,,unverified,human_estimated,MIT,2026-08-12
dur_0052,update linkedin descriptions,update deskripsi linkedin,update deskripsi linkedin,update linkedin descriptions,-1.0,0,,3.0,180.0,4,need to prep for career fair,perlu persiapan untuk career fair,,0,grp_5b57174d1d,original,huggingface:samder03/Project1,,unverified,human_estimated,MIT,2026-08-12
dur_0053,pay rent and utilities,bayar sewa dan tagihan utilitas,bayar sewa dan tagihan utilitas,pay rent and utilities,7.0,1,7.0,0.25,15.0,9,,,,0,grp_4cb017d7b6,original,huggingface:samder03/Project1,,unverified,human_estimated,MIT,2026-08-12
dur_0054,pay credit card bill,bayar tagihan kartu kredit,bayar tagihan kartu kredit,pay credit card bill,7.0,1,7.0,0.25,15.0,10,,,,0,grp_ea0ddc92a9,original,huggingface:samder03/Project1,,unverified,human_estimated,MIT,2026-08-12
dur_0055,put oil in my hair,oleskan minyak ke rambut,oleskan minyak ke rambut,put oil in my hair,-1.0,0,,0.18,10.8,1,want to leave oil overnight,ingin diamkan minyak semalaman,,0,grp_63e621e304,original,huggingface:samder03/Project1,,unverified,human_estimated,MIT,2026-08-12
dur_0056,drink water,minum air,minum air,drink water,-1.0,0,,0.08,4.8,4,i am dehydrated,sedang dehidrasi,,0,grp_9c860973aa,original,huggingface:samder03/Project1,,unverified,human_estimated,MIT,2026-08-12
dur_0057,finsih ai/ml homeowork 2,selesaikan PR ai/ml nomor 2,selesaikan PR ai/ml nomor 2,finsih ai/ml homeowork 2,1.0,1,1.0,4.0,240.0,9,deadline is 12 pm and i got an extension,deadline jam 12 siang dan sudah dapat perpanjangan,,0,grp_ce91165a91,original,huggingface:samder03/Project1,,unverified,human_estimated,MIT,2026-08-12
dur_0058,charge phone for a few hours,cas HP beberapa jam,cas HP beberapa jam,charge phone for a few hours,-1.0,0,,0.08,4.8,5,phone is always dead because i forget to charge it,HP sering habis baterai karena lupa dicas,,0,grp_7286a76fd2,original,huggingface:samder03/Project1,,unverified,human_estimated,MIT,2026-08-12
dur_0059,update resume,update CV,update CV,update resume,2.0,1,2.0,2.5,150.0,6,need to apply to jobs,perlu melamar kerja,,0,grp_f7fae82aab,original,huggingface:samder03/Project1,,unverified,human_estimated,MIT,2026-08-12
dur_0060,finish feedback control systems homework 3 as soon as possible,selesaikan PR feedback control systems nomor 3 secepatnya,selesaikan PR feedback control systems nomor 3 secepatnya,finish feedback control systems homework 3 as soon as possible,1.0,1,1.0,4.0,240.0,10,behind due to appendicitis,tertinggal karena radang usus buntu,,0,grp_0dc5532337,original,huggingface:samder03/Project1,,unverified,human_estimated,MIT,2026-08-12
dur_0061,make choreography with fran,buat koreografi bersama fran,buat koreografi bersama fran,make choreography with fran,0.0,1,0.0,1.5,90.0,6,this event happens weekly,acara ini terjadi setiap minggu,,0,grp_f0eadcf4eb,original,huggingface:samder03/Project1,,unverified,human_estimated,MIT,2026-08-12
dur_0062,finish feedback control systems homework 4 as soon as possible,selesaikan PR feedback control systems nomor 4 secepatnya,selesaikan PR feedback control systems nomor 4 secepatnya,finish feedback control systems homework 4 as soon as possible,1.0,1,1.0,4.0,240.0,6,behind due to surgery,tertinggal karena operasi,,0,grp_a4c461360e,original,huggingface:samder03/Project1,,unverified,human_estimated,MIT,2026-08-12
dur_0063,write experiment 2 results section of lab report,tulis bagian hasil eksperimen 2 di laporan praktikum,tulis bagian hasil eksperimen 2 di laporan praktikum,write experiment 2 results section of lab report,3.0,1,3.0,6.0,360.0,8,long lab report need to analyze data,"laporan praktikum panjang, perlu analisis data",durasi>300menit,0,grp_2731998d4f,original,huggingface:samder03/Project1,,unverified,human_estimated,MIT,2026-08-12
dur_0064,attend birthday party,menghadiri pesta ulang tahun,menghadiri pesta ulang tahun,attend birthday party,3.0,1,3.0,3.0,180.0,3,"21st birthday party at night, need to dress in black","pesta ulang tahun ke-21 malam hari, perlu pakai baju hitam",,0,grp_17c7143a1d,original,huggingface:samder03/Project1,,unverified,human_estimated,MIT,2026-08-12
dur_0065,complete portion of mechanical system experimentation lab report,selesaikan bagian laporan praktikum sistem mekanik,selesaikan bagian laporan praktikum sistem mekanik,complete portion of mechanical system experimentation lab report,5.0,1,5.0,4.0,240.0,8,"very long lab report, additional sections need to be completed","laporan praktikum sangat panjang, ada bagian tambahan yang perlu diselesaikan",,0,grp_3db7ce161c,original,huggingface:samder03/Project1,,unverified,human_estimated,MIT,2026-08-12
dur_0066,attend themed party,menghadiri pesta bertema,menghadiri pesta bertema,attend themed party,4.0,1,4.0,3.0,180.0,1,may skip and not attend,mungkin akan dilewati/tidak hadir,,0,grp_cd4d0bf175,original,huggingface:samder03/Project1,,unverified,human_estimated,MIT,2026-08-12
dur_0067,make bed,rapikan tempat tidur,rapikan tempat tidur,make bed,0.0,1,0.0,0.08,4.8,4,just upkeep,sekadar perawatan rutin,label_bentrok_teks_sama,0,grp_d0b1579690,original,huggingface:samder03/Project1,,unverified,human_estimated,MIT,2026-08-12
dur_0068,do laundry,cuci baju,cuci baju,do laundry,-1.0,0,,3.0,180.0,7,i am going to run out of clothes eventually,baju akan habis kalau tidak segera dicuci,label_bentrok_teks_sama,0,grp_623d92fa3a,original,huggingface:samder03/Project1,,unverified,human_estimated,MIT,2026-08-12
dur_0069,take out the trash,buang sampah,buang sampah,take out the trash,1.5,1,1.5,0.25,15.0,3,garbage bag is going to get full,kantong sampah akan segera penuh,label_bentrok_teks_sama,0,grp_6cf73a178a,original,huggingface:samder03/Project1,,unverified,human_estimated,MIT,2026-08-12
dur_0070,fold my clothes,lipat baju,lipat baju,fold my clothes,0.5,1,0.5,1.0,60.0,2,the clothes are piling on my chair right now,baju sedang menumpuk di kursi,label_bentrok_teks_sama,0,grp_c62c2a0170,original,huggingface:samder03/Project1,,unverified,human_estimated,MIT,2026-08-12
dur_0071,go to get eyebrows threaded,threading alis,threading alis,go to get eyebrows threaded,12.0,1,12.0,0.75,45.0,5,need to get them done before it gets too bad,perlu diselesaikan sebelum makin parah,,0,grp_a47f0ca6cd,original,huggingface:samder03/Project1,,unverified,human_estimated,MIT,2026-08-12
dur_0072,complete ai/ml homework 3,selesaikan PR ai/ml nomor 3,selesaikan PR ai/ml nomor 3,complete ai/ml homework 3,6.0,1,6.0,6.0,360.0,8,deadline is on monday but have other assignments to complete,deadline hari senin tapi ada tugas lain yang harus diselesaikan,durasi>300menit,0,grp_901b1b2586,original,huggingface:samder03/Project1,,unverified,human_estimated,MIT,2026-08-12
dur_0073,buy clothes for society of women engineers conference,beli baju untuk konferensi society of women engineers,beli baju untuk konferensi society of women engineers,buy clothes for society of women engineers conference,21.0,1,21.0,2.0,120.0,6,need to shop in advance,perlu belanja lebih awal,,0,grp_4ee0fc72b7,original,huggingface:samder03/Project1,,unverified,human_estimated,MIT,2026-08-12
dur_0074,buy flight tickets to go home for fall break,beli tiket pesawat pulang untuk fall break,beli tiket pesawat pulang untuk fall break,buy flight tickets to go home for fall break,2.0,1,2.0,0.5,30.0,7,tickets are getting expensive fast,harga tiket cepat naik,,0,grp_68459f4cae,original,huggingface:samder03/Project1,,unverified,human_estimated,MIT,2026-08-12
dur_0075,email recruiter about job availability,kirim email ke recruiter soal ketersediaan lowongan,kirim email ke recruiter soal ketersediaan lowongan,email recruiter about job availability,-1.0,0,,0.5,30.0,9,,,,0,grp_080e4b9dbb,original,huggingface:samder03/Project1,,unverified,human_estimated,MIT,2026-08-12
dur_0076,fill out booth forms,isi formulir booth,isi formulir booth,fill out booth forms,1.0,1,1.0,1.0,60.0,4,,,,0,grp_fa19053f62,original,huggingface:samder03/Project1,,unverified,human_estimated,MIT,2026-08-12
dur_0077,apply to job posting on handshake,melamar lowongan kerja di handshake,melamar lowongan kerja di handshake,apply to job posting on handshake,40.0,1,40.0,1.0,60.0,8,,,,0,grp_6f73c5df50,original,huggingface:samder03/Project1,,unverified,human_estimated,MIT,2026-08-12
dur_0078,schedule dentist appointment for next month,buat janji dokter gigi bulan depan,buat janji dokter gigi bulan depan,schedule dentist appointment for next month,21.0,1,21.0,2.0,120.0,4,,,,0,grp_2e009c4b7b,original,huggingface:samder03/Project1,,unverified,human_estimated,MIT,2026-08-12
dur_0079,meal prep curry on sunday,meal prep kari di hari minggu,meal prep kari di hari minggu,meal prep curry on sunday,5.0,1,5.0,0.1,6.0,5,,,,0,grp_f928755a59,original,huggingface:samder03/Project1,,unverified,human_estimated,MIT,2026-08-12
dur_0080,get indan travel visa,urus visa perjalanan india,urus visa perjalanan india,get indan travel visa,35.0,1,35.0,1.5,90.0,9,,,,0,grp_3c0831630e,original,huggingface:samder03/Project1,,unverified,human_estimated,MIT,2026-08-12
dur_0081,practice fran and kate's dances,latihan tarian bersama fran dan kate,latihan tarian bersama fran dan kate,practice fran and kate's dances,2.0,1,2.0,6.0,360.0,3,,,durasi>300menit,0,grp_344c48100b,original,huggingface:samder03/Project1,,unverified,human_estimated,MIT,2026-08-12
dur_0082,finish reading science fiction books i bought,selesaikan baca buku fiksi ilmiah yang sudah dibeli,selesaikan baca buku fiksi ilmiah yang sudah dibeli,finish reading science fiction books i bought,75.0,1,75.0,20.0,1200.0,1,,,durasi>600menit,0,grp_fa2564d341,original,huggingface:samder03/Project1,,unverified,human_estimated,MIT,2026-08-12
dur_0083,cancel unused subscriptions,batalkan langganan yang tidak dipakai,batalkan langganan yang tidak dipakai,cancel unused subscriptions,6.0,1,6.0,1.0,60.0,5,,,,0,grp_99bcf30952,original,huggingface:samder03/Project1,,unverified,human_estimated,MIT,2026-08-12
dur_0084,email landlord about missing water filter on faucet,kirim email ke pemilik kos soal filter air keran yang hilang,kirim email ke pemilik kos soal filter air keran yang hilang,email landlord about missing water filter on faucet,-1.0,0,,0.1,6.0,8,,,,0,grp_4c27d0a268,original,huggingface:samder03/Project1,,unverified,human_estimated,MIT,2026-08-12
dur_0085,pay back roommate for electricity bill,bayar kembali tagihan listrik ke teman sekamar,bayar kembali tagihan listrik ke teman sekamar,pay back roommate for electricity bill,6.0,1,6.0,0.2,12.0,7,,,,0,grp_12127097f4,original,huggingface:samder03/Project1,,unverified,human_estimated,MIT,2026-08-12
dur_0086,skim and review syllabus to prepare,baca sekilas dan review silabus untuk persiapan,baca sekilas dan review silabus untuk persiapan,skim and review syllabus to prepare,-1.0,0,,0.3,18.0,6,,,,0,grp_ec7ab264ff,original,huggingface:samder03/Project1,,unverified,human_estimated,MIT,2026-08-12
dur_0087,work with friends on take home exam,kerjakan ujian take home bersama teman,kerjakan ujian take home bersama teman,work with friends on take home exam,4.0,1,4.0,8.0,480.0,9,,,durasi>300menit,0,grp_a1d48ab2b2,original,huggingface:samder03/Project1,,unverified,human_estimated,MIT,2026-08-12
dur_0088,defrost ground chicken for dinner,cairkan daging ayam giling beku untuk makan malam,cairkan daging ayam giling beku untuk makan malam,defrost ground chicken for dinner,0.0,1,0.0,0.05,3.0,3,,,,0,grp_f001d017a6,original,huggingface:samder03/Project1,,unverified,human_estimated,MIT,2026-08-12
dur_0089,update github with code from homeworks and labs,update github dengan kode dari tugas dan praktikum,update github dengan kode dari tugas dan praktikum,update github with code from homeworks and labs,-1.0,0,,1.0,60.0,7,,,,0,grp_7ef8a7cf1c,original,huggingface:samder03/Project1,,unverified,human_estimated,MIT,2026-08-12
dur_0090,call health insurance to confirm hospital visit cost coverage,telepon asuransi kesehatan untuk konfirmasi biaya kunjungan rumah sakit,telepon asuransi kesehatan untuk konfirmasi biaya kunjungan rumah sakit,call health insurance to confirm hospital visit cost coverage,0.0,1,0.0,0.5,30.0,10,,,,0,grp_898ecfe209,original,huggingface:samder03/Project1,,unverified,human_estimated,MIT,2026-08-12
dur_0091,plan spring break trip,rencanakan trip spring break,rencanakan trip spring break,plan spring break trip,55.0,1,55.0,1.5,90.0,3,,,,0,grp_adb7a8ea36,original,huggingface:samder03/Project1,,unverified,human_estimated,MIT,2026-08-12
dur_0092,take multi vitamins,minum multivitamin,minum multivitamin,take multi vitamins,0.0,1,0.0,0.1,6.0,4,,,,0,grp_cfc8956dc9,original,huggingface:samder03/Project1,,unverified,human_estimated,MIT,2026-08-12
dur_0093,put on sunscreen,pakai sunscreen,pakai sunscreen,put on sunscreen,0.0,1,0.0,0.1,6.0,7,,,,0,grp_aeeddbaa92,original,huggingface:samder03/Project1,,unverified,human_estimated,MIT,2026-08-12
dur_0094,create spending budget for october,buat anggaran pengeluaran bulan oktober,buat anggaran pengeluaran bulan oktober,create spending budget for october,7.0,1,7.0,1.0,60.0,8,,,,0,grp_a424b8f125,original,huggingface:samder03/Project1,,unverified,human_estimated,MIT,2026-08-12
dur_0095,"return jeans, got the wrong pair","kembalikan jeans, salah ukuran","kembalikan jeans, salah ukuran","return jeans, got the wrong pair",3.0,1,3.0,3.0,180.0,9,,,,0,grp_b985e72d07,original,huggingface:samder03/Project1,,unverified,human_estimated,MIT,2026-08-12
dur_0096,ask friends to pay me back for atlanta trip,minta teman membayar kembali untuk trip ke atlanta,minta teman membayar kembali untuk trip ke atlanta,ask friends to pay me back for atlanta trip,-1.0,0,,0.1,6.0,10,,,,0,grp_7e3063054f,original,huggingface:samder03/Project1,,unverified,human_estimated,MIT,2026-08-12
dur_0097,plan a date with my boyfriend,rencanakan kencan dengan pacar,rencanakan kencan dengan pacar,plan a date with my boyfriend,3.0,1,3.0,0.2,12.0,10,,,,0,grp_f893942716,original,huggingface:samder03/Project1,,unverified,human_estimated,MIT,2026-08-12
dur_0098,clean out and organize files on computer,bersihkan dan rapikan file di komputer,bersihkan dan rapikan file di komputer,clean out and organize files on computer,-1.0,0,,0.3,18.0,3,,,,0,grp_f5133180d1,original,huggingface:samder03/Project1,,unverified,human_estimated,MIT,2026-08-12
dur_0099,get my nails done at salon nearby,manicure di salon terdekat,manicure di salon terdekat,get my nails done at salon nearby,14.0,1,14.0,2.0,120.0,2,,,,0,grp_228123944a,original,huggingface:samder03/Project1,,unverified,human_estimated,MIT,2026-08-12
dur_0100,move car from tow/violation zone immediately,segera pindahkan mobil dari zona derek/pelanggaran,segera pindahkan mobil dari zona derek/pelanggaran,move car from tow/violation zone immediately,0.0,1,0.0,0.5,30.0,9,,,,0,grp_67e295fffe,original,huggingface:samder03/Project1,,unverified,human_estimated,MIT,2026-08-12
dur_0101,pick up medication before pharmacy closes,ambil obat sebelum apotek tutup,ambil obat sebelum apotek tutup,pick up medication before pharmacy closes,0.0,1,0.0,0.75,45.0,9,,,,0,grp_e3a5c11b5d,original,huggingface:samder03/Project1,,unverified,human_estimated,MIT,2026-08-12
dur_0102,take prescribed antibiotic on schedule,minum antibiotik resep sesuai jadwal,minum antibiotik resep sesuai jadwal,take prescribed antibiotic on schedule,0.0,1,0.0,0.05,3.0,10,,,,0,grp_9ece964c36,original,huggingface:samder03/Project1,,unverified,human_estimated,MIT,2026-08-12
dur_0103,respond to recruiter to confirm interview slot today,balas recruiter untuk konfirmasi jadwal wawancara hari ini,balas recruiter untuk konfirmasi jadwal wawancara hari ini,respond to recruiter to confirm interview slot today,0.0,1,0.0,0.25,15.0,10,,,,0,grp_98f5b2794f,original,huggingface:samder03/Project1,,unverified,human_estimated,MIT,2026-08-12
dur_0104,sign offer letter before acceptance deadline today,tanda tangan surat penawaran kerja sebelum deadline hari ini,tanda tangan surat penawaran kerja sebelum deadline hari ini,sign offer letter before acceptance deadline today,0.0,1,0.0,0.25,15.0,10,,,,0,grp_9e6d281756,original,huggingface:samder03/Project1,,unverified,human_estimated,MIT,2026-08-12
dur_0105,upload grant application before portal closes at 5pm,unggah aplikasi grant sebelum portal tutup jam 5 sore,unggah aplikasi grant sebelum portal tutup jam 5 sore,upload grant application before portal closes at 5pm,0.0,1,0.0,3.0,180.0,10,,,,0,grp_8cf7d79a8b,original,huggingface:samder03/Project1,,unverified,human_estimated,MIT,2026-08-12
dur_0106,freeze credit after suspected fraud,bekukan kredit setelah dugaan penipuan,bekukan kredit setelah dugaan penipuan,freeze credit after suspected fraud,0.0,1,0.0,0.5,30.0,10,,,,0,grp_7ba3078207,original,huggingface:samder03/Project1,,unverified,human_estimated,MIT,2026-08-12
dur_0107,dispute unauthorized charge within 24 hours,ajukan sanggahan transaksi tidak sah dalam 24 jam,ajukan sanggahan transaksi tidak sah dalam 24 jam,dispute unauthorized charge within 24 hours,0.0,1,0.0,0.5,30.0,10,,,,0,grp_9ae5eea98d,original,huggingface:samder03/Project1,,unverified,human_estimated,MIT,2026-08-12
dur_0108,meet delivery driver at lobby now,temui kurir di lobi sekarang,temui kurir di lobi sekarang,meet delivery driver at lobby now,2.0,1,2.0,0.05,3.0,8,,,,0,grp_54a0215d3e,original,huggingface:samder03/Project1,,unverified,human_estimated,MIT,2026-08-12
dur_0109,bring id to dmv appointment this morning,bawa KTP untuk janji temu DMV pagi ini,bawa KTP untuk janji temu DMV pagi ini,bring id to dmv appointment this morning,0.0,1,0.0,2.0,120.0,9,,,,0,grp_2a43bc6c70,original,huggingface:samder03/Project1,,unverified,human_estimated,MIT,2026-08-12
dur_0110,practice coding interview arrays for 30 minutes,latihan soal array untuk interview coding selama 30 menit,latihan soal array untuk interview coding selama 30 menit,practice coding interview arrays for 30 minutes,1.0,1,1.0,0.75,45.0,8,,,,0,grp_9a70eabec2,original,huggingface:samder03/Project1,,unverified,human_estimated,MIT,2026-08-12
dur_0111,confirm study group time for next week,konfirmasi jadwal kelompok belajar minggu depan,konfirmasi jadwal kelompok belajar minggu depan,confirm study group time for next week,3.0,1,3.0,2.0,120.0,6,,,,0,grp_af87287f5b,original,huggingface:samder03/Project1,,unverified,human_estimated,MIT,2026-08-12
dur_0112,update project readme with setup steps,update readme project dengan langkah instalasi,update readme project dengan langkah instalasi,update project readme with setup steps,2.0,1,2.0,1.0,60.0,7,,,,0,grp_ceafd6a82b,original,huggingface:samder03/Project1,,unverified,human_estimated,MIT,2026-08-12
dur_0113,outline history essay (intro + 3 points),buat kerangka esai sejarah (pendahuluan + 3 poin),buat kerangka esai sejarah (pendahuluan + 3 poin),outline history essay (intro + 3 points),5.0,1,5.0,2.0,120.0,8,,,,0,grp_50e476648f,original,huggingface:samder03/Project1,,unverified,human_estimated,MIT,2026-08-12
dur_0114,browse three job postings and save favorites,cari tiga lowongan kerja dan simpan favorit,cari tiga lowongan kerja dan simpan favorit,browse three job postings and save favorites,3.0,1,3.0,1.0,60.0,6,,,,0,grp_c50c58075e,original,huggingface:samder03/Project1,,unverified,human_estimated,MIT,2026-08-12
dur_0115,export citation list to bibtex,ekspor daftar sitasi ke bibtex,ekspor daftar sitasi ke bibtex,export citation list to bibtex,4.0,1,4.0,0.5,30.0,7,,,,0,grp_65b7f71415,original,huggingface:samder03/Project1,,unverified,human_estimated,MIT,2026-08-12
dur_0116,wipe baseboards in living room,lap bagian bawah dinding (baseboard) ruang tamu,lap bagian bawah dinding (baseboard) ruang tamu,wipe baseboards in living room,6.0,1,6.0,1.0,60.0,2,,,,0,grp_98cda71c96,original,huggingface:samder03/Project1,,unverified,human_estimated,MIT,2026-08-12
dur_0117,draft a polite email to advisor with a question,tulis draf email sopan ke dosen pembimbing berisi pertanyaan,tulis draf email sopan ke dosen pembimbing berisi pertanyaan,draft a polite email to advisor with a question,1.0,1,1.0,0.25,15.0,7,,,,0,grp_c531e06995,original,huggingface:samder03/Project1,,unverified,human_estimated,MIT,2026-08-12
dur_0118,rename files with date prefixes,ganti nama file dengan awalan tanggal,ganti nama file dengan awalan tanggal,rename files with date prefixes,-1.0,0,,0.5,30.0,3,,,,0,grp_c52bded076,original,huggingface:samder03/Project1,,unverified,human_estimated,MIT,2026-08-12
dur_0119,check tire pressure and add air if needed,cek tekanan ban dan isi angin jika perlu,cek tekanan ban dan isi angin jika perlu,check tire pressure and add air if needed,7.0,1,7.0,0.5,30.0,6,,,,0,grp_beadfb2699,original,huggingface:samder03/Project1,,unverified,human_estimated,MIT,2026-08-12
dur_0120,batch cook two dinners for busy nights,masak dua porsi makan malam sekaligus untuk hari sibuk,masak dua porsi makan malam sekaligus untuk hari sibuk,batch cook two dinners for busy nights,3.0,1,3.0,2.0,120.0,3,,,,0,grp_f3051a8e18,original,huggingface:samder03/Project1,,unverified,human_estimated,MIT,2026-08-12
dur_0121,define research question and hypotheses,tentukan pertanyaan riset dan hipotesis,tentukan pertanyaan riset dan hipotesis,define research question and hypotheses,2.0,1,2.0,2.0,120.0,8,,,,0,grp_04aee793b9,original,huggingface:samder03/Project1,,unverified,human_estimated,MIT,2026-08-12
dur_0122,skim abstracts to filter relevance,baca sekilas abstrak untuk saring relevansi,baca sekilas abstrak untuk saring relevansi,skim abstracts to filter relevance,4.0,1,4.0,2.0,120.0,7,,,,0,grp_a45da1b020,original,huggingface:samder03/Project1,,unverified,human_estimated,MIT,2026-08-12
dur_0123,identify gaps/opportunities from literature,identifikasi celah/peluang dari studi literatur,identifikasi celah/peluang dari studi literatur,identify gaps/opportunities from literature,3.0,1,3.0,2.0,120.0,6,,,,0,grp_9ed3b713fc,original,huggingface:samder03/Project1,,unverified,human_estimated,MIT,2026-08-12
dur_0124,create conda/poetry environment file,buat file environment conda/poetry,buat file environment conda/poetry,create conda/poetry environment file,1.0,1,1.0,1.0,60.0,7,,,,0,grp_b67d4d02c2,original,huggingface:samder03/Project1,,unverified,human_estimated,MIT,2026-08-12
dur_0125,implement data validation checks,implementasi pengecekan validasi data,implementasi pengecekan validasi data,implement data validation checks,5.0,1,5.0,2.0,120.0,8,,,,0,grp_39ac011cdb,original,huggingface:samder03/Project1,,unverified,human_estimated,MIT,2026-08-12
dur_0126,rehearse talk and time it to slot length,latihan presentasi dan sesuaikan waktunya dengan slot,latihan presentasi dan sesuaikan waktunya dengan slot,rehearse talk and time it to slot length,6.0,1,6.0,2.0,120.0,5,,,,0,grp_61a8bc940b,original,huggingface:samder03/Project1,,unverified,human_estimated,MIT,2026-08-12
dur_0127,treat colony with formic acid as needed,obati koloni lebah dengan asam format bila perlu,obati koloni lebah dengan asam format bila perlu,treat colony with formic acid as needed,3.0,1,3.0,1.0,60.0,7,,,,0,grp_7c42330aa8,original,huggingface:samder03/Project1,,unverified,human_estimated,MIT,2026-08-12
dur_0128,harvest capped frames and extract honey,panen bingkai madu yang tertutup dan ekstrak madu,panen bingkai madu yang tertutup dan ekstrak madu,harvest capped frames and extract honey,4.0,1,4.0,3.0,180.0,4,beekeeping,budidaya lebah,,0,grp_dd9d09727f,original,huggingface:samder03/Project1,,unverified,human_estimated,MIT,2026-08-12
dur_0129,insulate hive for winter and reduce entrance,isolasi sarang lebah untuk musim dingin dan perkecil pintu masuk,isolasi sarang lebah untuk musim dingin dan perkecil pintu masuk,insulate hive for winter and reduce entrance,5.0,1,5.0,2.0,120.0,5,,,,0,grp_e855815d14,original,huggingface:samder03/Project1,,unverified,human_estimated,MIT,2026-08-12
dur_0130,fire glaze load to cone 6 with hold,bakar glasir keramik hingga cone 6 dengan waktu tahan,bakar glasir keramik hingga cone 6 dengan waktu tahan,fire glaze load to cone 6 with hold,7.0,1,7.0,1.0,60.0,6,ceramics,keramik,,0,grp_de31407243,original,huggingface:samder03/Project1,,unverified,human_estimated,MIT,2026-08-12
dur_0131,refresh sourdough starter and schedule feedings,perbarui starter sourdough dan jadwalkan pemberian makan,perbarui starter sourdough dan jadwalkan pemberian makan,refresh sourdough starter and schedule feedings,1.0,1,1.0,0.25,15.0,5,fermentation/food science,fermentasi/ilmu pangan,,0,grp_02a2d976cf,original,huggingface:samder03/Project1,,unverified,human_estimated,MIT,2026-08-12
dur_0132,log ros bag for 10 minutes of operation,rekam ros bag selama 10 menit operasi,rekam ros bag selama 10 menit operasi,log ros bag for 10 minutes of operation,9.0,1,9.0,0.2,12.0,7,,,,0,grp_944b8b4a2b,original,huggingface:samder03/Project1,,unverified,human_estimated,MIT,2026-08-12
dur_0133,tune pid gains for wheel encoder feedback,atur parameter pid untuk feedback wheel encoder,atur parameter pid untuk feedback wheel encoder,tune pid gains for wheel encoder feedback,3.0,1,3.0,2.0,120.0,8,,,,0,grp_48616f2698,original,huggingface:samder03/Project1,,unverified,human_estimated,MIT,2026-08-12
dur_0134,tune guitar,stem gitar,stem gitar,tune guitar,5.0,1,5.0,0.5,30.0,2,,,,0,grp_8c1b736d9a,original,huggingface:samder03/Project1,,unverified,human_estimated,MIT,2026-08-12
dur_0135,calibrate imu bias and update sensor fusion,kalibrasi bias imu dan update sensor fusion,kalibrasi bias imu dan update sensor fusion,calibrate imu bias and update sensor fusion,2.0,1,2.0,2.0,120.0,7,,,,0,grp_827a3043b2,original,huggingface:samder03/Project1,,unverified,human_estimated,MIT,2026-08-12
dur_0136,set custom white balance for studio lights,atur white balance khusus untuk lampu studio,atur white balance khusus untuk lampu studio,set custom white balance for studio lights,6.0,1,6.0,0.5,30.0,5,,,,0,grp_4771972062,original,huggingface:samder03/Project1,,unverified,human_estimated,MIT,2026-08-12
dur_0137,shoot photos for fashion show,foto acara fashion show,foto acara fashion show,shoot photos for fashion show,9.0,1,9.0,3.0,180.0,6,,,,0,grp_c6e306fe5e,original,huggingface:samder03/Project1,,unverified,human_estimated,MIT,2026-08-12
dur_0138,photograph artwork in natural light,foto karya seni dengan cahaya alami,foto karya seni dengan cahaya alami,photograph artwork in natural light,3.0,1,3.0,2.0,120.0,4,,,,0,grp_7ac0c41cfa,original,huggingface:samder03/Project1,,unverified,human_estimated,MIT,2026-08-12
dur_0139,learn magic ring for crochet,belajar teknik magic ring untuk merajut (crochet),belajar teknik magic ring untuk merajut (crochet),learn magic ring for crochet,5.0,1,5.0,1.0,60.0,2,,,,0,grp_6868a35b82,original,huggingface:samder03/Project1,,unverified,human_estimated,MIT,2026-08-12
dur_0140,back up drafts to cloud,backup draft ke cloud,backup draft ke cloud,back up drafts to cloud,6.0,1,6.0,1.0,60.0,6,,,,0,grp_c680ccb3e1,original,huggingface:samder03/Project1,,unverified,human_estimated,MIT,2026-08-12
dur_0141,review grammar for past tense in spanish,review grammar bentuk lampau bahasa spanyol,review grammar bentuk lampau bahasa spanyol,review grammar for past tense in spanish,8.0,1,8.0,2.0,120.0,6,,,,0,grp_6ceb48891e,original,huggingface:samder03/Project1,,unverified,human_estimated,MIT,2026-08-12
dur_0142,do a 10-minute listening dictation,lakukan dikte listening 10 menit,lakukan dikte listening 10 menit,do a 10-minute listening dictation,3.0,1,3.0,0.25,15.0,7,,,,0,grp_9db5f8c3d7,original,huggingface:samder03/Project1,,unverified,human_estimated,MIT,2026-08-12
dur_0143,write a 120-word diary entry,tulis catatan harian sebanyak 120 kata,tulis catatan harian sebanyak 120 kata,write a 120-word diary entry,0.0,1,0.0,0.5,30.0,5,,,,0,grp_336d50f7d5,original,huggingface:samder03/Project1,,unverified,human_estimated,MIT,2026-08-12
dur_0144,inventory missing parts,inventarisasi komponen yang hilang,inventarisasi komponen yang hilang,inventory missing parts,3.0,1,3.0,1.0,60.0,7,,,,0,grp_26911d5ae4,original,huggingface:samder03/Project1,,unverified,human_estimated,MIT,2026-08-12
dur_0145,rate resturaunt on beli (food rating app),kasih rating restoran di aplikasi beli,kasih rating restoran di aplikasi beli,rate resturaunt on beli (food rating app),-1.0,0,,3.0,180.0,3,,,,0,grp_029950aaad,original,huggingface:samder03/Project1,,unverified,human_estimated,MIT,2026-08-12
dur_0146,export calendar into notion,ekspor kalender ke notion,ekspor kalender ke notion,export calendar into notion,2.0,1,2.0,0.5,30.0,5,,,,0,grp_4f1ef7032c,original,huggingface:samder03/Project1,,unverified,human_estimated,MIT,2026-08-12
dur_0147,upload tasks in scheduling site,unggah tugas di situs penjadwalan,unggah tugas di situs penjadwalan,upload tasks in scheduling site,8.0,1,8.0,0.5,30.0,6,,,,0,grp_41e20d7bb9,original,huggingface:samder03/Project1,,unverified,human_estimated,MIT,2026-08-12
dur_0148,register for classes for spring,daftar mata kuliah untuk semester genap,daftar mata kuliah untuk semester genap,register for classes for spring,30.0,1,30.0,2.0,120.0,8,,,,0,grp_01ae65bc24,original,huggingface:samder03/Project1,,unverified,human_estimated,MIT,2026-08-12
dur_0149,check degree audit requirements,cek persyaratan audit gelar,cek persyaratan audit gelar,check degree audit requirements,12.0,1,12.0,1.0,60.0,9,,,,0,grp_a1043b8305,original,huggingface:samder03/Project1,,unverified,human_estimated,MIT,2026-08-12
dur_0150,meet academic advisor to plan schedule,temui dosen pembimbing akademik untuk rencanakan jadwal,temui dosen pembimbing akademik untuk rencanakan jadwal,meet academic advisor to plan schedule,7.0,1,7.0,1.0,60.0,8,,,,0,grp_9ab1dd482a,original,huggingface:samder03/Project1,,unverified,human_estimated,MIT,2026-08-12
dur_0151,add/drop a course before the deadline,tambah/hapus mata kuliah sebelum deadline,tambah/hapus mata kuliah sebelum deadline,add/drop a course before the deadline,5.0,1,5.0,0.5,30.0,8,,,,0,grp_98a7b0acf5,original,huggingface:samder03/Project1,,unverified,human_estimated,MIT,2026-08-12
dur_0152,request a prerequisite override,ajukan pembebasan prasyarat mata kuliah,ajukan pembebasan prasyarat mata kuliah,request a prerequisite override,3.0,1,3.0,0.5,30.0,9,,,,0,grp_cc9d32833e,original,huggingface:samder03/Project1,,unverified,human_estimated,MIT,2026-08-12
dur_0153,buy required textbooks used,beli buku kuliah wajib bekas,beli buku kuliah wajib bekas,buy required textbooks used,8.0,1,8.0,1.0,60.0,6,,,,0,grp_6551a20308,original,huggingface:samder03/Project1,,unverified,human_estimated,MIT,2026-08-12
dur_0154,borrow a course reserve from the library,pinjam buku referensi mata kuliah dari perpustakaan,pinjam buku referensi mata kuliah dari perpustakaan,borrow a course reserve from the library,5.0,1,5.0,0.5,30.0,7,,,,0,grp_b682b0e47b,original,huggingface:samder03/Project1,,unverified,human_estimated,MIT,2026-08-12
dur_0155,print syllabi for each class,cetak silabus tiap mata kuliah,cetak silabus tiap mata kuliah,print syllabi for each class,9.0,1,9.0,0.5,30.0,3,,,,0,grp_2c29554a94,original,huggingface:samder03/Project1,,unverified,human_estimated,MIT,2026-08-12
dur_0156,set up course folders in google drive,buat folder mata kuliah di google drive,buat folder mata kuliah di google drive,set up course folders in google drive,2.0,1,2.0,0.5,30.0,5,,,,0,grp_14b92c23ed,original,huggingface:samder03/Project1,,unverified,human_estimated,MIT,2026-08-12
dur_0157,join the class discord/slack,gabung discord/slack kelas,gabung discord/slack kelas,join the class discord/slack,0.0,1,0.0,0.25,15.0,6,,,,0,grp_464eed7dd4,original,huggingface:samder03/Project1,,unverified,human_estimated,MIT,2026-08-12
dur_0158,post an introduction on the course forum,posting perkenalan diri di forum mata kuliah,posting perkenalan diri di forum mata kuliah,post an introduction on the course forum,3.0,1,3.0,0.5,30.0,7,,,,0,grp_726bf4bdf3,original,huggingface:samder03/Project1,,unverified,human_estimated,MIT,2026-08-12
dur_0159,form a study group for calculus,bentuk kelompok belajar kalkulus,bentuk kelompok belajar kalkulus,form a study group for calculus,-1.0,0,,1.0,60.0,7,,,,0,grp_6b18db0d0f,original,huggingface:samder03/Project1,,unverified,human_estimated,MIT,2026-08-12
dur_0160,reserve a study room for midterm review,pesan ruang belajar untuk review UTS,pesan ruang belajar untuk review UTS,reserve a study room for midterm review,3.0,1,3.0,0.5,30.0,8,,,,0,grp_7a1edd475d,original,huggingface:samder03/Project1,,unverified,human_estimated,MIT,2026-08-12
dur_0161,attend office hours with prepared questions,menghadiri jam konsultasi dosen dengan pertanyaan yang sudah disiapkan,menghadiri jam konsultasi dosen dengan pertanyaan yang sudah disiapkan,attend office hours with prepared questions,1.0,1,1.0,1.0,60.0,6,,,,0,grp_4bf686ae8d,original,huggingface:samder03/Project1,,unverified,human_estimated,MIT,2026-08-12
dur_0162,email professor about a missed lecture,kirim email ke dosen soal kuliah yang terlewat,kirim email ke dosen soal kuliah yang terlewat,email professor about a missed lecture,0.0,1,0.0,0.25,15.0,8,,,,0,grp_697afce530,original,huggingface:samder03/Project1,,unverified,human_estimated,MIT,2026-08-12
dur_0163,takes notes for chapter 2,buat catatan untuk bab 2,buat catatan untuk bab 2,takes notes for chapter 2,5.0,1,5.0,2.0,120.0,7,,,,0,grp_021cb74b08,original,huggingface:samder03/Project1,,unverified,human_estimated,MIT,2026-08-12
dur_0164,watch the recorded lecture to catch up,tonton rekaman kuliah untuk mengejar ketertinggalan,tonton rekaman kuliah untuk mengejar ketertinggalan,watch the recorded lecture to catch up,-1.0,0,,1.0,60.0,6,,,,0,grp_bd7fd69e23,original,huggingface:samder03/Project1,,unverified,human_estimated,MIT,2026-08-12
dur_0165,create formula cheat sheet,buat contekan rumus,buat contekan rumus,create formula cheat sheet,6.0,1,6.0,2.0,120.0,9,,,,0,grp_6ff469d108,original,huggingface:samder03/Project1,,unverified,human_estimated,MIT,2026-08-12
dur_0166,download lecture slides and annotate,unduh slide kuliah dan beri catatan,unduh slide kuliah dan beri catatan,download lecture slides and annotate,3.0,1,3.0,1.0,60.0,8,,,,0,grp_0750c3ec44,original,huggingface:samder03/Project1,,unverified,human_estimated,MIT,2026-08-12
dur_0167,collect lab data and upload the csv,kumpulkan data lab dan upload csv,kumpulkan data lab dan upload csv,collect lab data and upload the csv,4.0,1,4.0,1.0,60.0,7,,,,0,grp_9a8e47e7c9,original,huggingface:samder03/Project1,,unverified,human_estimated,MIT,2026-08-12
dur_0168,record a practice presentation video,rekam video latihan presentasi,rekam video latihan presentasi,record a practice presentation video,2.0,1,2.0,1.0,60.0,5,,,,0,grp_a744cfe6d0,original,huggingface:samder03/Project1,,unverified,human_estimated,MIT,2026-08-12
dur_0169,write the methods section of the lab report,tulis bagian metode di laporan praktikum,tulis bagian metode di laporan praktikum,write the methods section of the lab report,6.0,1,6.0,3.0,180.0,6,,,,0,grp_c3cd8094a0,original,huggingface:samder03/Project1,,unverified,human_estimated,MIT,2026-08-12
dur_0170,submit a draft to the writing center,kirim draf ke writing center,kirim draf ke writing center,submit a draft to the writing center,4.0,1,4.0,1.0,60.0,8,,,,0,grp_22513d2b60,original,huggingface:samder03/Project1,,unverified,human_estimated,MIT,2026-08-12
dur_0171,make plots for the lab report in python,buat grafik untuk laporan praktikum di python,buat grafik untuk laporan praktikum di python,make plots for the lab report in python,6.0,1,6.0,3.0,180.0,6,,,,0,grp_e1662991c6,original,huggingface:samder03/Project1,,unverified,human_estimated,MIT,2026-08-12
dur_0172,request a recommendation letter from a professor,minta surat rekomendasi dari dosen,minta surat rekomendasi dari dosen,request a recommendation letter from a professor,7.0,1,7.0,0.5,30.0,9,,,,0,grp_fb57baea38,original,huggingface:samder03/Project1,,unverified,human_estimated,MIT,2026-08-12
dur_0173,order a replacement student id,pesan kartu mahasiswa pengganti,pesan kartu mahasiswa pengganti,order a replacement student id,3.0,1,3.0,0.25,15.0,8,,,,0,grp_2346360543,original,huggingface:samder03/Project1,,unverified,human_estimated,MIT,2026-08-12
dur_0174,upload an unofficial transcript to the portal,unggah transkrip tidak resmi ke portal,unggah transkrip tidak resmi ke portal,upload an unofficial transcript to the portal,2.0,1,2.0,0.25,15.0,7,,,,0,grp_0818af59f0,original,huggingface:samder03/Project1,,unverified,human_estimated,MIT,2026-08-12
dur_0175,"complete mandatory training modules (ferpa, sexual misconduct)","selesaikan modul pelatihan wajib (ferpa, pelecehan seksual)","selesaikan modul pelatihan wajib (ferpa, pelecehan seksual)","complete mandatory training modules (ferpa, sexual misconduct)",7.0,1,7.0,2.0,120.0,10,,,,0,grp_654645546e,original,huggingface:samder03/Project1,,unverified,human_estimated,MIT,2026-08-12
dur_0176,pay tuition balance or set a payment plan,bayar sisa uang kuliah atau atur cicilan,bayar sisa uang kuliah atau atur cicilan,pay tuition balance or set a payment plan,5.0,1,5.0,0.5,30.0,10,,,,0,grp_9fb3620a1b,original,huggingface:samder03/Project1,,unverified,human_estimated,MIT,2026-08-12
dur_0177,pick up mentee for mentorship program,jemput mentee untuk program mentoring,jemput mentee untuk program mentoring,pick up mentee for mentorship program,3.0,1,3.0,1.0,60.0,5,,,,0,grp_f1e4268f41,original,huggingface:samder03/Project1,,unverified,human_estimated,MIT,2026-08-12
dur_0178,meet teammates to divide project tasks,temui rekan tim untuk bagi tugas project,temui rekan tim untuk bagi tugas project,meet teammates to divide project tasks,4.0,1,4.0,1.0,60.0,6,,,,0,grp_da307fb4ab,original,huggingface:samder03/Project1,,unverified,human_estimated,MIT,2026-08-12
dur_0179,change light bulb,ganti bohlam lampu,ganti bohlam lampu,change light bulb,1.0,1,1.0,0.25,15.0,3,,,,0,grp_ab0a735240,original,huggingface:samder03/Project1,,unverified,human_estimated,MIT,2026-08-12
dur_0180,set calendar reminders for upcoming bills,atur pengingat kalender untuk tagihan mendatang,atur pengingat kalender untuk tagihan mendatang,set calendar reminders for upcoming bills,5.0,1,5.0,0.25,15.0,7,,,,0,grp_b6e02b148e,original,huggingface:samder03/Project1,,unverified,human_estimated,MIT,2026-08-12
dur_0181,sweep the kitchen floor,sapu lantai dapur,sapu lantai dapur,sweep the kitchen floor,-1.0,0,,0.25,15.0,3,,,,0,grp_13374dd808,original,huggingface:samder03/Project1,,unverified,human_estimated,MIT,2026-08-12
dur_0182,warm up for 10 minutes,pemanasan selama 10 menit,pemanasan selama 10 menit,warm up for 10 minutes,0.0,1,0.0,0.2,12.0,4,,,,0,grp_22b690c09b,original,huggingface:samder03/Project1,,unverified,human_estimated,MIT,2026-08-12
dur_0183,take a dance class,ikut kelas dansa,ikut kelas dansa,take a dance class,-1.0,0,,1.5,90.0,5,,,,0,grp_645986f07c,original,huggingface:samder03/Project1,,unverified,human_estimated,MIT,2026-08-12
dur_0184,go to pilates,ikut kelas pilates,ikut kelas pilates,go to pilates,-1.0,0,,1.5,90.0,2,,,,0,grp_bf9399415c,original,huggingface:samder03/Project1,,unverified,human_estimated,MIT,2026-08-12
dur_0185,book studio space for rehearsal,booking studio untuk latihan,booking studio untuk latihan,book studio space for rehearsal,7.0,1,7.0,0.5,30.0,7,,,,0,grp_2a73ff6c5b,original,huggingface:samder03/Project1,,unverified,human_estimated,MIT,2026-08-12
dur_0186,sign up for coffee chats,daftar sesi ngobrol santai (coffee chat),daftar sesi ngobrol santai (coffee chat),sign up for coffee chats,2.0,1,2.0,0.25,15.0,5,,,,0,grp_758b5e41eb,original,huggingface:samder03/Project1,,unverified,human_estimated,MIT,2026-08-12
dur_0187,ask for referral from relative at tech company,minta referral dari saudara di perusahaan teknologi,minta referral dari saudara di perusahaan teknologi,ask for referral from relative at tech company,4.0,1,4.0,0.25,15.0,9,,,,0,grp_ed322317cf,original,huggingface:samder03/Project1,,unverified,human_estimated,MIT,2026-08-12
dur_0188,follow up on last week's applications,follow up lamaran kerja minggu lalu,follow up lamaran kerja minggu lalu,follow up on last week's applications,3.0,1,3.0,0.5,30.0,8,,,,0,grp_b355d309c0,original,huggingface:samder03/Project1,,unverified,human_estimated,MIT,2026-08-12
dur_0189,prepare for technical interview and make cheat sheet,persiapan wawancara teknis dan buat contekan,persiapan wawancara teknis dan buat contekan,prepare for technical interview and make cheat sheet,2.0,1,2.0,4.0,240.0,8,,,,0,grp_f44ff27c10,original,huggingface:samder03/Project1,,unverified,human_estimated,MIT,2026-08-12
dur_0190,tailor resume to job posting,sesuaikan CV dengan lowongan kerja,sesuaikan CV dengan lowongan kerja,tailor resume to job posting,6.0,1,6.0,2.0,120.0,7,,,,0,grp_7ebe5b7375,original,huggingface:samder03/Project1,,unverified,human_estimated,MIT,2026-08-12
dur_0191,set job alerts for preferred titles and cities,atur notifikasi lowongan untuk posisi dan kota pilihan,atur notifikasi lowongan untuk posisi dan kota pilihan,set job alerts for preferred titles and cities,7.0,1,7.0,0.25,15.0,9,,,,0,grp_16e606bc12,original,huggingface:samder03/Project1,,unverified,human_estimated,MIT,2026-08-12
dur_0192,block 2 hours for focused job search,sisihkan 2 jam khusus untuk cari kerja fokus,sisihkan 2 jam khusus untuk cari kerja fokus,block 2 hours for focused job search,4.0,1,4.0,2.0,120.0,6,,,,0,grp_069af5f7d6,original,huggingface:samder03/Project1,,unverified,human_estimated,MIT,2026-08-12
dur_0193,organize a portfolio/case study outline,susun kerangka portofolio/studi kasus,susun kerangka portofolio/studi kasus,organize a portfolio/case study outline,3.0,1,3.0,2.0,120.0,7,,,,0,grp_239cf0b254,original,huggingface:samder03/Project1,,unverified,human_estimated,MIT,2026-08-12
dur_0194,list 3 target roles and required skills,buat daftar 3 posisi kerja target dan skill yang dibutuhkan,buat daftar 3 posisi kerja target dan skill yang dibutuhkan,list 3 target roles and required skills,7.0,1,7.0,1.0,60.0,5,,,,0,grp_38d6160df7,original,huggingface:samder03/Project1,,unverified,human_estimated,MIT,2026-08-12
dur_0195,track applications in a simple spreadsheet,catat lamaran kerja di spreadsheet sederhana,catat lamaran kerja di spreadsheet sederhana,track applications in a simple spreadsheet,4.0,1,4.0,0.5,30.0,6,,,,0,grp_ef3914f421,original,huggingface:samder03/Project1,,unverified,human_estimated,MIT,2026-08-12
dur_0196,buy shoe racks for apartment,beli rak sepatu untuk apartemen,beli rak sepatu untuk apartemen,buy shoe racks for apartment,2.0,1,2.0,0.5,30.0,3,,,,0,grp_03df5f3ffa,original,huggingface:samder03/Project1,,unverified,human_estimated,MIT,2026-08-12
dur_0197,find a new set of spare keys,cari set kunci cadangan baru,cari set kunci cadangan baru,find a new set of spare keys,8.0,1,8.0,0.25,15.0,5,,,,0,grp_1a8f912b0f,original,huggingface:samder03/Project1,,unverified,human_estimated,MIT,2026-08-12
dur_0198,create to do list,buat daftar tugas,buat daftar tugas,create to do list,6.0,1,6.0,0.5,30.0,7,,,,0,grp_1370187210,original,huggingface:samder03/Project1,,unverified,human_estimated,MIT,2026-08-12
dur_0199,finish modern control theory homework,selesaikan PR modern control theory,selesaikan PR modern control theory,finish modern control theory homework,3.0,1,3.0,8.0,480.0,10,"may need to ask some help, can't wait too long","mungkin perlu bantuan, tidak bisa menunggu terlalu lama",durasi>300menit,0,grp_7a8f829f56,original,huggingface:samder03/Project1,,unverified,human_estimated,MIT,2026-08-12
dur_0200,take a shower + skincare,mandi + skincare,mandi + skincare,take a shower + skincare,0.0,1,0.0,0.6,36.0,6,,,,0,grp_80fa4de4f5,original,huggingface:samder03/Project1,,unverified,human_estimated,MIT,2026-08-12
dur_0201,watch an episode of better call saul,nonton satu episode better call saul,nonton satu episode better call saul,watch an episode of better call saul,-1.0,0,,1.0,60.0,2,,,,0,grp_82d5e1e404,original,huggingface:samder03/Project1,,unverified,human_estimated,MIT,2026-08-12
dur_0202,put clothes away,simpan baju ke lemari,simpan baju ke lemari,put clothes away,-1.0,0,,0.25,15.0,5,,,,0,grp_692e1223ec,original,huggingface:samder03/Project1,,unverified,human_estimated,MIT,2026-08-12
dur_0203,eat something,makan sesuatu,makan sesuatu,eat something,0.0,1,0.0,1.0,60.0,10,,,,0,grp_17d56ef305,original,huggingface:samder03/Project1,,unverified,human_estimated,MIT,2026-08-12
dur_0204,fill brita,isi ulang filter air brita,isi ulang filter air brita,fill brita,0.0,1,0.0,0.08,4.8,6,,,,0,grp_d563974cdf,original,huggingface:samder03/Project1,,unverified,human_estimated,MIT,2026-08-12
dur_0205,finish project 1,selesaikan project 1,selesaikan project 1,finish project 1,10.0,1,10.0,12.0,720.0,10,,,durasi>600menit,0,grp_353f677137,original,huggingface:samder03/Project1,,unverified,human_estimated,MIT,2026-08-12
dur_0206,pack for fall break trip,packing untuk trip fall break,packing untuk trip fall break,pack for fall break trip,18.0,1,18.0,3.0,180.0,10,,,,0,grp_d2d742a389,original,huggingface:samder03/Project1,,unverified,human_estimated,MIT,2026-08-12
dur_0207,do space robotics accomplisment slides,buat slide pencapaian space robotics,buat slide pencapaian space robotics,do space robotics accomplisment slides,4.0,1,4.0,0.16,9.6,10,,,,0,grp_45784d7b0d,original,huggingface:samder03/Project1,,unverified,human_estimated,MIT,2026-08-12
dur_0208,add songs to spotify playlists,tambah lagu ke playlist spotify,tambah lagu ke playlist spotify,add songs to spotify playlists,-1.0,0,,10.0,600.0,3,,,durasi>300menit,1,grp_9c96779e38,original,huggingface:samder03/Project1,,unverified,human_estimated,MIT,2026-08-12
dur_0209,buy milk,beli susu,beli susu,buy milk,7.0,1,7.0,0.3,18.0,4,,,,0,grp_cd6df5284a,original,huggingface:samder03/Project1,,unverified,human_estimated,MIT,2026-08-12
dur_0210,watch an episode of long story short,nonton satu episode long story short,nonton satu episode long story short,watch an episode of long story short,-1.0,0,,0.42,25.2,2,,,,0,grp_c5b5484cb3,original,huggingface:samder03/Project1,,unverified,human_estimated,MIT,2026-08-12
dur_0211,apply to 50 jobs,melamar ke 50 lowongan kerja,melamar ke 50 lowongan kerja,apply to 50 jobs,-1.0,0,,9.0,540.0,8,,,durasi>300menit,0,grp_d2649dc5dd,original,huggingface:samder03/Project1,,unverified,human_estimated,MIT,2026-08-12
dur_0212,do laundry,cuci baju,cuci baju,do laundry,4.0,1,4.0,0.3,18.0,7,,,label_bentrok_teks_sama,0,grp_623d92fa3a,original,huggingface:samder03/Project1,,unverified,human_estimated,MIT,2026-08-12
dur_0213,compile ex's clothes,kumpulkan baju milik mantan,kumpulkan baju milik mantan,compile ex's clothes,-1.0,0,,0.5,30.0,4,,,,0,grp_b796f28dc7,original,huggingface:samder03/Project1,,unverified,human_estimated,MIT,2026-08-12
dur_0214,buy mom's birthday gift,beli hadiah ulang tahun ibu,beli hadiah ulang tahun ibu,buy mom's birthday gift,20.0,1,20.0,2.0,120.0,10,,,,0,grp_166692f1fb,original,huggingface:samder03/Project1,,unverified,human_estimated,MIT,2026-08-12
dur_0215,decide on my birthday weekend plan,putuskan rencana akhir pekan ulang tahun,putuskan rencana akhir pekan ulang tahun,decide on my birthday weekend plan,41.0,1,41.0,1.0,60.0,5,,,,0,grp_98921c5588,original,huggingface:samder03/Project1,,unverified,human_estimated,MIT,2026-08-12
dur_0216,clip fingernails,potong kuku tangan,potong kuku tangan,clip fingernails,5.0,1,5.0,0.25,15.0,7,,,,0,grp_3f90fe9eb4,original,huggingface:samder03/Project1,,unverified,human_estimated,MIT,2026-08-12
dur_0217,paint nails,cat kuku,cat kuku,paint nails,-1.0,0,,1.0,60.0,1,,,,0,grp_362d4eda3f,original,huggingface:samder03/Project1,,unverified,human_estimated,MIT,2026-08-12
dur_0218,do machine learning and ai homework,kerjakan PR machine learning dan ai,kerjakan PR machine learning dan ai,do machine learning and ai homework,4.0,1,4.0,7.0,420.0,10,,,durasi>300menit,0,grp_d59e60b5d5,original,huggingface:samder03/Project1,,unverified,human_estimated,MIT,2026-08-12
dur_0219,pay credit card,bayar kartu kredit,bayar kartu kredit,pay credit card,22.0,1,22.0,0.05,3.0,10,,,,0,grp_bfff145b23,original,huggingface:samder03/Project1,,unverified,human_estimated,MIT,2026-08-12
dur_0220,wipe down dresser,lap lemari laci,lap lemari laci,wipe down dresser,-1.0,0,,0.16,9.6,3,,,,0,grp_a4f8c09491,original,huggingface:samder03/Project1,,unverified,human_estimated,MIT,2026-08-12
dur_0221,collect data for project 1,kumpulkan data untuk project 1,kumpulkan data untuk project 1,collect data for project 1,2.0,1,2.0,3.0,180.0,10,,,,0,grp_3f729174a4,original,huggingface:samder03/Project1,,unverified,human_estimated,MIT,2026-08-12
dur_0222,play tennis,main tenis,main tenis,play tennis,-1.0,0,,1.5,90.0,3,,,,0,grp_55d4ce2fad,original,huggingface:samder03/Project1,,unverified,human_estimated,MIT,2026-08-12
dur_0223,wash water bottle,cuci botol minum,cuci botol minum,wash water bottle,3.0,1,3.0,0.25,15.0,7,,,,0,grp_c59a30a071,original,huggingface:samder03/Project1,,unverified,human_estimated,MIT,2026-08-12
dur_0224,buy snacks,beli camilan,beli camilan,buy snacks,7.0,1,7.0,0.3,18.0,5,,,,0,grp_4c36db4df7,original,huggingface:samder03/Project1,,unverified,human_estimated,MIT,2026-08-12
dur_0225,wash that one shirt,cuci baju yang itu,cuci baju yang itu,wash that one shirt,10.0,1,10.0,0.3,18.0,2,needs to be washed cold and air dried,perlu dicuci air dingin dan dikeringkan diangin-anginkan,,0,grp_f7d6feaa96,original,huggingface:samder03/Project1,,unverified,human_estimated,MIT,2026-08-12
dur_0226,vacuum my floor,vacuum lantai kamar,vacuum lantai kamar,vacuum my floor,4.0,1,4.0,0.25,15.0,6,,,,0,grp_3a28b7fa1b,original,huggingface:samder03/Project1,,unverified,human_estimated,MIT,2026-08-12
dur_0227,schedule appointment with therapist,buat janji dengan terapis,buat janji dengan terapis,schedule appointment with therapist,3.0,1,3.0,0.08,4.8,6,,,,0,grp_669f15c80d,original,huggingface:samder03/Project1,,unverified,human_estimated,MIT,2026-08-12
dur_0228,organize desktop screenshots,rapikan screenshot di desktop,rapikan screenshot di desktop,organize desktop screenshots,-1.0,0,,1.0,60.0,5,,,,0,grp_91f7bd8c9a,original,huggingface:samder03/Project1,,unverified,human_estimated,MIT,2026-08-12
dur_0229,delete photos on phone,hapus foto di HP,hapus foto di HP,delete photos on phone,-1.0,0,,2.0,120.0,4,,,,0,grp_489ad16abc,original,huggingface:samder03/Project1,,unverified,human_estimated,MIT,2026-08-12
dur_0230,get a haircut,potong rambut,potong rambut,get a haircut,70.0,1,70.0,1.5,90.0,6,,,,0,grp_e210fdf28e,original,huggingface:samder03/Project1,,unverified,human_estimated,MIT,2026-08-12
dur_0231,read one chapter of 1984,baca satu bab buku 1984,baca satu bab buku 1984,read one chapter of 1984,-1.0,0,,0.3,18.0,3,,,,0,grp_20fe20e468,original,huggingface:samder03/Project1,,unverified,human_estimated,MIT,2026-08-12
dur_0232,do basquiat puzzle,susun puzzle bergambar basquiat,susun puzzle bergambar basquiat,do basquiat puzzle,-1.0,0,,3.0,180.0,3,,,,0,grp_e9fd931fb3,original,huggingface:samder03/Project1,,unverified,human_estimated,MIT,2026-08-12
dur_0233,practice piano,latihan piano,latihan piano,practice piano,-1.0,0,,2.0,120.0,3,,,,0,grp_aa4c3c1f54,original,huggingface:samder03/Project1,,unverified,human_estimated,MIT,2026-08-12
dur_0234,buy jewelry,beli perhiasan,beli perhiasan,buy jewelry,-1.0,0,,0.5,30.0,1,,,,0,grp_263d765534,original,huggingface:samder03/Project1,,unverified,human_estimated,MIT,2026-08-12
dur_0235,take out trash,buang sampah,buang sampah,take out trash,5.0,1,5.0,0.2,12.0,7,,,label_bentrok_teks_sama,0,grp_6cf73a178a,original,huggingface:samder03/Project1,,unverified,human_estimated,MIT,2026-08-12
dur_0236,go to asa gbm,hadiri gbm asa,hadiri gbm asa,go to asa gbm,2.0,1,2.0,1.0,60.0,2,,,,0,grp_392adad47a,original,huggingface:samder03/Project1,,unverified,human_estimated,MIT,2026-08-12
dur_0237,delete spotify playlists,hapus playlist spotify,hapus playlist spotify,delete spotify playlists,-1.0,0,,4.0,240.0,2,,,,1,grp_db647cc357,original,huggingface:samder03/Project1,,unverified,human_estimated,MIT,2026-08-12
dur_0238,do special topics homework,kerjakan PR mata kuliah special topics,kerjakan PR mata kuliah special topics,do special topics homework,5.0,1,5.0,10.0,600.0,10,,,durasi>300menit,0,grp_46e26da4d7,original,huggingface:samder03/Project1,,unverified,human_estimated,MIT,2026-08-12
dur_0239,buy groceries,belanja bahan makanan,belanja bahan makanan,buy groceries,7.0,1,7.0,1.2,72.0,7,,,,0,grp_308c7fd822,original,huggingface:samder03/Project1,,unverified,human_estimated,MIT,2026-08-12
dur_0240,talk to jaden and eloise about booth,bicara dengan jaden dan eloise soal booth,bicara dengan jaden dan eloise soal booth,talk to jaden and eloise about booth,20.0,1,20.0,0.6,36.0,6,,,,0,grp_7044993be6,original,huggingface:samder03/Project1,,unverified,human_estimated,MIT,2026-08-12
dur_0241,sketch something,membuat sketsa,membuat sketsa,sketch something,-1.0,0,,0.5,30.0,2,,,,0,grp_007dfc8237,original,huggingface:samder03/Project1,,unverified,human_estimated,MIT,2026-08-12
dur_0242,give booth money to jaden and eloise,berikan uang booth ke jaden dan eloise,berikan uang booth ke jaden dan eloise,give booth money to jaden and eloise,30.0,1,30.0,0.2,12.0,7,,,,0,grp_6208d3b40a,original,huggingface:samder03/Project1,,unverified,human_estimated,MIT,2026-08-12
dur_0243,respond to texts,balas chat,balas chat,respond to texts,4.0,1,4.0,0.5,30.0,6,,,,0,grp_902a002adf,original,huggingface:samder03/Project1,,unverified,human_estimated,MIT,2026-08-12
dur_0244,wash dishes,cuci piring,cuci piring,wash dishes,1.0,1,1.0,0.3,18.0,7,,,label_bentrok_teks_sama,0,grp_e498b1de41,original,huggingface:samder03/Project1,,unverified,human_estimated,MIT,2026-08-12
dur_0245,unsubscribe from emails,berhenti berlangganan email,berhenti berlangganan email,unsubscribe from emails,-1.0,0,,0.5,30.0,2,,,,0,grp_684d58c015,original,huggingface:samder03/Project1,,unverified,human_estimated,MIT,2026-08-12
dur_0246,reply to emails,balas email,balas email,reply to emails,2.0,1,2.0,0.5,30.0,7,,,,0,grp_d1538add24,original,huggingface:samder03/Project1,,unverified,human_estimated,MIT,2026-08-12
dur_0247,email heather about lander dimensions,kirim email ke heather soal dimensi lander,kirim email ke heather soal dimensi lander,email heather about lander dimensions,0.0,1,0.0,0.2,12.0,10,,,,0,grp_3dba63ace4,original,huggingface:samder03/Project1,,unverified,human_estimated,MIT,2026-08-12
dur_0248,dust furniture,bersihkan debu furnitur,bersihkan debu furnitur,dust furniture,6.0,1,6.0,0.25,15.0,6,,,,0,grp_66a9133a8b,original,huggingface:samder03/Project1,,unverified,human_estimated,MIT,2026-08-12
dur_0249,put shoes away,simpan sepatu di rak,simpan sepatu di rak,put shoes away,8.0,1,8.0,0.1,6.0,2,,,,0,grp_92a7c3d304,original,huggingface:samder03/Project1,,unverified,human_estimated,MIT,2026-08-12
dur_0250,wash pillowcase,cuci sarung bantal,cuci sarung bantal,wash pillowcase,3.0,1,3.0,0.3,18.0,7,,,,0,grp_36326a362e,original,huggingface:samder03/Project1,,unverified,human_estimated,MIT,2026-08-12
dur_0251,pre-check in for ct scan,pre-check in untuk CT scan,pre-check in untuk CT scan,pre-check in for ct scan,2.0,1,2.0,0.1,6.0,7,,,,0,grp_52fd97e631,original,huggingface:samder03/Project1,,unverified,human_estimated,MIT,2026-08-12
dur_0252,rsvp to party,konfirmasi kehadiran pesta (RSVP),konfirmasi kehadiran pesta (RSVP),rsvp to party,3.0,1,3.0,0.1,6.0,1,,,,0,grp_d009724034,original,huggingface:samder03/Project1,,unverified,human_estimated,MIT,2026-08-12
dur_0253,text mason to schedule lunch,chat mason untuk atur jadwal makan siang,chat mason untuk atur jadwal makan siang,text mason to schedule lunch,0.0,1,0.0,0.1,6.0,3,,,,0,grp_691312ef14,original,huggingface:samder03/Project1,,unverified,human_estimated,MIT,2026-08-12
dur_0254,fix lander drawing dimensions,perbaiki dimensi gambar lander,perbaiki dimensi gambar lander,fix lander drawing dimensions,2.0,1,2.0,2.0,120.0,10,,,,0,grp_a802794c06,original,huggingface:samder03/Project1,,unverified,human_estimated,MIT,2026-08-12
dur_0255,buy shampoo,beli sampo,beli sampo,buy shampoo,10.0,1,10.0,0.1,6.0,7,,,,0,grp_510b793d92,original,huggingface:samder03/Project1,,unverified,human_estimated,MIT,2026-08-12
dur_0256,buy skincare,beli skincare,beli skincare,buy skincare,10.0,1,10.0,0.1,6.0,7,,,,0,grp_d7c979f52e,original,huggingface:samder03/Project1,,unverified,human_estimated,MIT,2026-08-12
dur_0257,draft budget,buat draf anggaran,buat draf anggaran,draft budget,4.0,1,4.0,1.0,60.0,7,,,,0,grp_c9feade077,original,huggingface:samder03/Project1,,unverified,human_estimated,MIT,2026-08-12
dur_0258,finish collecting data,selesaikan pengumpulan data,selesaikan pengumpulan data,finish collecting data,0.0,1,0.0,3.0,180.0,10,,,,0,grp_1e6fd1fd4c,original,huggingface:samder03/Project1,,unverified,human_estimated,MIT,2026-08-12
dur_0259,do some watercolor,melukis cat air,melukis cat air,do some watercolor,-1.0,0,,1.0,60.0,2,,,,0,grp_ece9805700,original,huggingface:samder03/Project1,,unverified,human_estimated,MIT,2026-08-12
dur_0260,buy trash bags,beli kantong sampah,beli kantong sampah,buy trash bags,3.0,1,3.0,0.5,30.0,7,,,,0,grp_dc26479e78,original,huggingface:samder03/Project1,,unverified,human_estimated,MIT,2026-08-12
dur_0261,respond to dad's text,balas chat ayah,balas chat ayah,respond to dad's text,2.0,1,2.0,0.1,6.0,4,,,,0,grp_888080780a,original,huggingface:samder03/Project1,,unverified,human_estimated,MIT,2026-08-12
dur_0262,study for midterm,belajar untuk UTS,belajar untuk UTS,study for midterm,4.0,1,4.0,10.0,600.0,10,,,durasi>300menit|label_bentrok_teks_sama,0,grp_91bd851c08,original,huggingface:samder03/Project1,,unverified,human_estimated,MIT,2026-08-12
dur_0263,wash bath mat,cuci keset kamar mandi,cuci keset kamar mandi,wash bath mat,3.0,1,3.0,0.3,18.0,7,,,,0,grp_4100095464,original,huggingface:samder03/Project1,,unverified,human_estimated,MIT,2026-08-12
dur_0264,refill vitamin case,isi ulang tempat vitamin,isi ulang tempat vitamin,refill vitamin case,2.0,1,2.0,0.1,6.0,6,,,,0,grp_8adeaadd55,original,huggingface:samder03/Project1,,unverified,human_estimated,MIT,2026-08-12
dur_0265,run ansys simulation for space robotics,jalankan simulasi ansys untuk space robotics,jalankan simulasi ansys untuk space robotics,run ansys simulation for space robotics,2.0,1,2.0,3.0,180.0,10,,,,0,grp_ce23433d90,original,huggingface:samder03/Project1,,unverified,human_estimated,MIT,2026-08-12
dur_0266,finish writing lab report,selesaikan penulisan laporan praktikum,selesaikan penulisan laporan praktikum,finish writing lab report,6.0,1,6.0,5.0,300.0,10,,,,0,grp_0323df8b8a,original,huggingface:samder03/Project1,,unverified,human_estimated,MIT,2026-08-12
dur_0267,organize pantry,rapikan gudang bahan makanan,rapikan gudang bahan makanan,organize pantry,-1.0,0,,0.5,30.0,1,,,,0,grp_f620e1a9e7,original,huggingface:samder03/Project1,,unverified,human_estimated,MIT,2026-08-12
dur_0268,throw out expired food,buang makanan kedaluwarsa,buang makanan kedaluwarsa,throw out expired food,2.0,1,2.0,0.2,12.0,7,,,,0,grp_83719d1623,original,huggingface:samder03/Project1,,unverified,human_estimated,MIT,2026-08-12
dur_0269,clean microwave,bersihkan microwave,bersihkan microwave,clean microwave,3.0,1,3.0,0.2,12.0,3,,,,0,grp_0628b9f64f,original,huggingface:samder03/Project1,,unverified,human_estimated,MIT,2026-08-12
dur_0270,replace vacuum filter,ganti filter vacuum cleaner,ganti filter vacuum cleaner,replace vacuum filter,4.0,1,4.0,0.1,6.0,4,,,,0,grp_57f83d9f2b,original,huggingface:samder03/Project1,,unverified,human_estimated,MIT,2026-08-12
dur_0271,replace brita filter,ganti filter brita,ganti filter brita,replace brita filter,2.0,1,2.0,0.1,6.0,7,,,,0,grp_d12a3dfebe,original,huggingface:samder03/Project1,,unverified,human_estimated,MIT,2026-08-12
dur_0272,change bedsheets,ganti seprai,ganti seprai,change bedsheets,3.0,1,3.0,0.27,16.2,7,,,,0,grp_4a3193a858,original,huggingface:samder03/Project1,,unverified,human_estimated,MIT,2026-08-12
dur_0273,proofread resume,periksa ulang CV,periksa ulang CV,proofread resume,4.0,1,4.0,0.3,18.0,5,,,,0,grp_06e27b91fe,original,huggingface:samder03/Project1,,unverified,human_estimated,MIT,2026-08-12
dur_0274,buy toilet paper,beli tisu toilet,beli tisu toilet,buy toilet paper,1.0,1,1.0,0.5,30.0,10,,,,0,grp_703b585a4f,original,huggingface:samder03/Project1,,unverified,human_estimated,MIT,2026-08-12
dur_0275,buy new posters,beli poster baru,beli poster baru,buy new posters,-1.0,0,,1.0,60.0,1,,,,0,grp_c3ee952657,original,huggingface:samder03/Project1,,unverified,human_estimated,MIT,2026-08-12
dur_0276,redo poster wall layout,atur ulang layout poster di dinding,atur ulang layout poster di dinding,redo poster wall layout,-1.0,0,,1.2,72.0,1,,,,0,grp_841cd45fbd,original,huggingface:samder03/Project1,,unverified,human_estimated,MIT,2026-08-12
dur_0277,meal prep for the week,meal prep untuk seminggu,meal prep untuk seminggu,meal prep for the week,2.0,1,2.0,1.5,90.0,6,,,,0,grp_c040177fa0,original,huggingface:samder03/Project1,,unverified,human_estimated,MIT,2026-08-12
dur_0278,clean stove,bersihkan kompor,bersihkan kompor,clean stove,4.0,1,4.0,0.25,15.0,3,,,,0,grp_36e8e6e6c4,original,huggingface:samder03/Project1,,unverified,human_estimated,MIT,2026-08-12
dur_0279,refill car gas tank,isi bensin mobil,isi bensin mobil,refill car gas tank,1.0,1,1.0,0.5,30.0,10,,,,0,grp_77f57ebe80,original,huggingface:samder03/Project1,,unverified,human_estimated,MIT,2026-08-12
dur_0280,go to the gym,pergi ke gym,pergi ke gym,go to the gym,7.0,1,7.0,1.5,90.0,3,,,,0,grp_bbfb1c2d4e,original,huggingface:samder03/Project1,,unverified,human_estimated,MIT,2026-08-12
dur_0281,play basketball,main basket,main basket,play basketball,-1.0,0,,1.5,90.0,3,,,,0,grp_e5c011fee2,original,huggingface:samder03/Project1,,unverified,human_estimated,MIT,2026-08-12
dur_0282,wipe down kitchen counters,lap meja dapur,lap meja dapur,wipe down kitchen counters,3.0,1,3.0,0.2,12.0,3,,,,0,grp_2afcfca9b1,original,huggingface:samder03/Project1,,unverified,human_estimated,MIT,2026-08-12
dur_0283,clean bathroom mirror,bersihkan cermin kamar mandi,bersihkan cermin kamar mandi,clean bathroom mirror,7.0,1,7.0,0.2,12.0,2,,,,0,grp_540ee7ea75,original,huggingface:samder03/Project1,,unverified,human_estimated,MIT,2026-08-12
dur_0284,clean the shower,bersihkan shower,bersihkan shower,clean the shower,2.0,1,2.0,0.3,18.0,6,,,,0,grp_1a7b2bd81e,original,huggingface:samder03/Project1,,unverified,human_estimated,MIT,2026-08-12
dur_0285,organize bookshelf,rapikan rak buku,rapikan rak buku,organize bookshelf,-1.0,0,,0.5,30.0,1,,,,0,grp_e842044f39,original,huggingface:samder03/Project1,,unverified,human_estimated,MIT,2026-08-12
dur_0286,water the plants,siram tanaman,siram tanaman,water the plants,3.0,1,3.0,0.1,6.0,7,,,,0,grp_a23d3a944f,original,huggingface:samder03/Project1,,unverified,human_estimated,MIT,2026-08-12
dur_0287,brainstorm research ideas,brainstorming ide riset,brainstorming ide riset,brainstorm research ideas,2.0,1,2.0,0.6,36.0,10,,,,0,grp_5138bb4157,original,huggingface:samder03/Project1,,unverified,human_estimated,MIT,2026-08-12
dur_0288,empty dishwasher,kosongkan mesin cuci piring,kosongkan mesin cuci piring,empty dishwasher,1.0,1,1.0,0.2,12.0,6,,,,0,grp_44aa49cf6e,original,huggingface:samder03/Project1,,unverified,human_estimated,MIT,2026-08-12
dur_0289,wash fruit,cuci buah,cuci buah,wash fruit,0.0,1,0.0,0.1,6.0,7,,,,0,grp_972e9899e2,original,huggingface:samder03/Project1,,unverified,human_estimated,MIT,2026-08-12
dur_0290,cut fruit,potong buah,potong buah,cut fruit,0.0,1,0.0,0.2,12.0,6,,,,0,grp_3ab6e89016,original,huggingface:samder03/Project1,,unverified,human_estimated,MIT,2026-08-12
dur_0291,edit bibliography,edit daftar pustaka,edit daftar pustaka,edit bibliography,3.0,1,3.0,0.3,18.0,10,,,,0,grp_7174a2d6af,original,huggingface:samder03/Project1,,unverified,human_estimated,MIT,2026-08-12
dur_0292,fold origami,lipat origami,lipat origami,fold origami,-1.0,0,,0.4,24.0,1,,,,0,grp_34e2a599be,original,huggingface:samder03/Project1,,unverified,human_estimated,MIT,2026-08-12
dur_0293,light incense,nyalakan dupa,nyalakan dupa,light incense,-1.0,0,,0.05,3.0,1,,,,0,grp_94d4c1b2d3,original,huggingface:samder03/Project1,,unverified,human_estimated,MIT,2026-08-12
dur_0294,light candle,nyalakan lilin,nyalakan lilin,light candle,-1.0,0,,0.05,3.0,1,,,,0,grp_259f3041e5,original,huggingface:samder03/Project1,,unverified,human_estimated,MIT,2026-08-12
dur_0295,go swimming,berenang,berenang,go swimming,-1.0,0,,1.5,90.0,3,,,,0,grp_631864909e,original,huggingface:samder03/Project1,,unverified,human_estimated,MIT,2026-08-12
dur_0296,play waterpolo,main polo air,main polo air,play waterpolo,-1.0,0,,1.5,90.0,3,,,,0,grp_9b6b3e66b3,original,huggingface:samder03/Project1,,unverified,human_estimated,MIT,2026-08-12
dur_0297,play pickleball,main pickleball,main pickleball,play pickleball,-1.0,0,,1.5,90.0,3,,,,0,grp_4e4b9620ba,original,huggingface:samder03/Project1,,unverified,human_estimated,MIT,2026-08-12
dur_0298,play soccer,main sepak bola,main sepak bola,play soccer,-1.0,0,,1.5,90.0,3,,,,0,grp_fdaa9a3c7f,original,huggingface:samder03/Project1,,unverified,human_estimated,MIT,2026-08-12
dur_0299,play volleyball,main voli,main voli,play volleyball,-1.0,0,,1.5,90.0,3,,,,0,grp_38caa0995c,original,huggingface:samder03/Project1,,unverified,human_estimated,MIT,2026-08-12
dur_0300,play beach volleyball,main voli pantai,main voli pantai,play beach volleyball,-1.0,0,,1.5,90.0,3,,,,0,grp_880dd7423f,original,huggingface:samder03/Project1,,unverified,human_estimated,MIT,2026-08-12
dur_0301,go ice skating,main ice skating,main ice skating,go ice skating,-1.0,0,,1.5,90.0,3,,,,0,grp_4911337358,original,huggingface:samder03/Project1,,unverified,human_estimated,MIT,2026-08-12
dur_0302,play ice hockey,main ice hockey,main ice hockey,play ice hockey,-1.0,0,,1.5,90.0,3,,,,0,grp_bf0c66df8b,original,huggingface:samder03/Project1,,unverified,human_estimated,MIT,2026-08-12
dur_0303,do 10 sit ups,lakukan 10 kali sit up,lakukan 10 kali sit up,do 10 sit ups,-1.0,0,,0.25,15.0,2,,,,0,grp_694fdf2b2a,original,huggingface:samder03/Project1,,unverified,human_estimated,MIT,2026-08-12
dur_0304,paint toe nails,cat kuku kaki,cat kuku kaki,paint toe nails,-1.0,0,,1.25,75.0,1,,,,0,grp_6331d0dc83,original,huggingface:samder03/Project1,,unverified,human_estimated,MIT,2026-08-12
dur_0305,remove makeup,hapus makeup,hapus makeup,remove makeup,0.0,1,0.0,0.2,12.0,7,,,,0,grp_39e5652a12,original,huggingface:samder03/Project1,,unverified,human_estimated,MIT,2026-08-12
dur_0306,make coffee,buat kopi,buat kopi,make coffee,0.0,1,0.0,0.1,6.0,4,,,,0,grp_54993a0590,original,huggingface:samder03/Project1,,unverified,human_estimated,MIT,2026-08-12
dur_0307,play league of legends,main game league of legends,main game league of legends,play league of legends,-1.0,0,,1.0,60.0,1,,,,0,grp_4d6df8858d,original,huggingface:samder03/Project1,,unverified,human_estimated,MIT,2026-08-12
dur_0308,play valorant,main game valorant,main game valorant,play valorant,-1.0,0,,1.0,60.0,1,,,,0,grp_d33705b7ad,original,huggingface:samder03/Project1,,unverified,human_estimated,MIT,2026-08-12
dur_0309,play counterstrike global offensive,main game counter-strike global offensive,main game counter-strike global offensive,play counterstrike global offensive,-1.0,0,,1.0,60.0,1,,,,0,grp_076b2be6ca,original,huggingface:samder03/Project1,,unverified,human_estimated,MIT,2026-08-12
dur_0310,plan halloween costume,rencanakan kostum halloween,rencanakan kostum halloween,plan halloween costume,20.0,1,20.0,0.5,30.0,6,,,,0,grp_67ec9a235a,original,huggingface:samder03/Project1,,unverified,human_estimated,MIT,2026-08-12
dur_0311,buy halloween costume,beli kostum halloween,beli kostum halloween,buy halloween costume,25.0,1,25.0,0.2,12.0,6,,,,0,grp_5172004225,original,huggingface:samder03/Project1,,unverified,human_estimated,MIT,2026-08-12
dur_0312,plan colin's birthday party,rencanakan pesta ulang tahun colin,rencanakan pesta ulang tahun colin,plan colin's birthday party,17.0,1,17.0,1.0,60.0,7,,,,0,grp_9273d8bca5,original,huggingface:samder03/Project1,,unverified,human_estimated,MIT,2026-08-12
dur_0313,schedule eye appointment,buat janji periksa mata,buat janji periksa mata,schedule eye appointment,7.0,1,7.0,0.2,12.0,8,,,,0,grp_9891115de5,original,huggingface:samder03/Project1,,unverified,human_estimated,MIT,2026-08-12
dur_0314,go to the dentist,periksa ke dokter gigi,periksa ke dokter gigi,go to the dentist,20.0,1,20.0,1.5,90.0,6,,,,0,grp_272071267b,original,huggingface:samder03/Project1,,unverified,human_estimated,MIT,2026-08-12
dur_0315,do yearly check up with doctor,medical check up tahunan ke dokter,medical check up tahunan ke dokter,do yearly check up with doctor,20.0,1,20.0,1.5,90.0,6,,,,0,grp_8b6932de8c,original,huggingface:samder03/Project1,,unverified,human_estimated,MIT,2026-08-12
dur_0316,get my nose done,operasi hidung,operasi hidung,get my nose done,-1.0,0,,3.0,180.0,1,,,,0,grp_4f9237fc34,original,huggingface:samder03/Project1,,unverified,human_estimated,MIT,2026-08-12
dur_0317,get botox,suntik botox,suntik botox,get botox,-1.0,0,,2.0,120.0,1,,,,0,grp_368139ef15,original,huggingface:samder03/Project1,,unverified,human_estimated,MIT,2026-08-12
dur_0318,get lip fillers,filler bibir,filler bibir,get lip fillers,-1.0,0,,2.0,120.0,1,,,,0,grp_ec13b553ee,original,huggingface:samder03/Project1,,unverified,human_estimated,MIT,2026-08-12
dur_0319,hem my jeans,permak celana jeans,permak celana jeans,hem my jeans,30.0,1,30.0,1.0,60.0,4,,,,0,grp_a90e279303,original,huggingface:samder03/Project1,,unverified,human_estimated,MIT,2026-08-12
dur_0320,apply for a credit card,ajukan kartu kredit,ajukan kartu kredit,apply for a credit card,25.0,1,25.0,0.25,15.0,6,,,,0,grp_c1f906e784,original,huggingface:samder03/Project1,,unverified,human_estimated,MIT,2026-08-12
dur_0321,call my mom,telepon ibu,telepon ibu,call my mom,3.0,1,3.0,0.5,30.0,8,,,,0,grp_9f21204b6a,original,huggingface:samder03/Project1,,unverified,human_estimated,MIT,2026-08-12
dur_0322,call my dad,telepon ayah,telepon ayah,call my dad,3.0,1,3.0,0.5,30.0,8,,,,0,grp_22010b6d5c,original,huggingface:samder03/Project1,,unverified,human_estimated,MIT,2026-08-12
dur_0323,call my grandma,telepon nenek,telepon nenek,call my grandma,3.0,1,3.0,0.3,18.0,8,,,label_bentrok_teks_sama,0,grp_bc55c30d30,original,huggingface:samder03/Project1,,unverified,human_estimated,MIT,2026-08-12
dur_0324,call my cousins,telepon sepupu,telepon sepupu,call my cousins,3.0,1,3.0,0.25,15.0,7,,,,0,grp_72d63cab39,original,huggingface:samder03/Project1,,unverified,human_estimated,MIT,2026-08-12
dur_0325,plan trip to guadalajara,rencanakan trip ke guadalajara,rencanakan trip ke guadalajara,plan trip to guadalajara,-1.0,0,,0.5,30.0,2,,,,0,grp_8dd8372a0d,original,huggingface:samder03/Project1,,unverified,human_estimated,MIT,2026-08-12
dur_0326,break up with my boyfriend,putus dengan pacar,putus dengan pacar,break up with my boyfriend,5.0,1,5.0,0.6,36.0,7,,,,0,grp_b5c0fa7b4d,original,huggingface:samder03/Project1,,unverified,human_estimated,MIT,2026-08-12
dur_0327,return clothes to ex,kembalikan baju ke mantan,kembalikan baju ke mantan,return clothes to ex,20.0,1,20.0,0.5,30.0,7,,,,0,grp_22c5aec2de,original,huggingface:samder03/Project1,,unverified,human_estimated,MIT,2026-08-12
dur_0328,retake id photo,foto ulang untuk KTP,foto ulang untuk KTP,retake id photo,30.0,1,30.0,1.0,60.0,6,,,,0,grp_d4a214e87f,original,huggingface:samder03/Project1,,unverified,human_estimated,MIT,2026-08-12
dur_0329,feed my dog,beri makan anjing,beri makan anjing,feed my dog,0.0,1,0.0,0.2,12.0,10,,,,0,grp_d06a6f15c2,original,huggingface:samder03/Project1,,unverified,human_estimated,MIT,2026-08-12
dur_0330,feed my cat,beri makan kucing,beri makan kucing,feed my cat,0.0,1,0.0,0.2,12.0,10,,,,0,grp_804b6c6d57,original,huggingface:samder03/Project1,,unverified,human_estimated,MIT,2026-08-12
dur_0331,walk my dog,jalan-jalan dengan anjing,jalan-jalan dengan anjing,walk my dog,0.0,1,0.0,0.5,30.0,10,,,,0,grp_2ce12005ee,original,huggingface:samder03/Project1,,unverified,human_estimated,MIT,2026-08-12
dur_0332,play with my dog,main dengan anjing,main dengan anjing,play with my dog,0.0,1,0.0,0.5,30.0,5,,,,0,grp_b6a0684bab,original,huggingface:samder03/Project1,,unverified,human_estimated,MIT,2026-08-12
dur_0333,walk my cat,jalan-jalan dengan kucing,jalan-jalan dengan kucing,walk my cat,0.0,1,0.0,0.3,18.0,5,,,,0,grp_8d34406fc5,original,huggingface:samder03/Project1,,unverified,human_estimated,MIT,2026-08-12
dur_0334,feed my fish,beri makan ikan,beri makan ikan,feed my fish,0.0,1,0.0,0.2,12.0,10,,,,0,grp_a78debfe9d,original,huggingface:samder03/Project1,,unverified,human_estimated,MIT,2026-08-12
dur_0335,pay rent,bayar sewa,bayar sewa,pay rent,14.0,1,14.0,0.1,6.0,10,,,,0,grp_c1bfd23300,original,huggingface:samder03/Project1,,unverified,human_estimated,MIT,2026-08-12
dur_0336,delete minecraft,hapus game minecraft,hapus game minecraft,delete minecraft,-1.0,0,,0.1,6.0,1,,,,0,grp_5a6ebb3c32,original,huggingface:samder03/Project1,,unverified,human_estimated,MIT,2026-08-12
dur_0337,replace phone screen,ganti layar HP,ganti layar HP,replace phone screen,50.0,1,50.0,0.2,12.0,6,,,,0,grp_c53f696b4e,original,huggingface:samder03/Project1,,unverified,human_estimated,MIT,2026-08-12
dur_0338,sell clothes,jual baju,jual baju,sell clothes,-1.0,0,,0.6,36.0,3,,,,0,grp_a20c849032,original,huggingface:samder03/Project1,,unverified,human_estimated,MIT,2026-08-12
dur_0339,plan spring course schedule,rencanakan jadwal mata kuliah semester depan,rencanakan jadwal mata kuliah semester depan,plan spring course schedule,70.0,1,70.0,2.0,120.0,9,,,,0,grp_0b76ff37f9,original,huggingface:samder03/Project1,,unverified,human_estimated,MIT,2026-08-12
dur_0340,buy a new waterbottle,beli botol minum baru,beli botol minum baru,buy a new waterbottle,7.0,1,7.0,0.2,12.0,4,,,,0,grp_bdc41a8e87,original,huggingface:samder03/Project1,,unverified,human_estimated,MIT,2026-08-12
dur_0341,close certificate of deposit account,tutup rekening deposito,tutup rekening deposito,close certificate of deposit account,4.0,1,4.0,0.25,15.0,10,,,,0,grp_e331e1f3df,original,huggingface:samder03/Project1,,unverified,human_estimated,MIT,2026-08-12
dur_0342,buy a portable charger,beli powerbank,beli powerbank,buy a portable charger,16.0,1,16.0,0.2,12.0,4,,,,0,grp_7eb52a6b5d,original,huggingface:samder03/Project1,,unverified,human_estimated,MIT,2026-08-12
dur_0343,knit a scarf,merajut syal,merajut syal,knit a scarf,-1.0,0,,1.0,60.0,1,,,,0,grp_e6cae9ee99,original,huggingface:samder03/Project1,,unverified,human_estimated,MIT,2026-08-12
dur_0344,buy an electric guitar,beli gitar listrik,beli gitar listrik,buy an electric guitar,-1.0,0,,1.5,90.0,2,,,,0,grp_94aa75f6eb,original,huggingface:samder03/Project1,,unverified,human_estimated,MIT,2026-08-12
dur_0345,pay electricity bill,bayar tagihan listrik,bayar tagihan listrik,pay electricity bill,18.0,1,18.0,0.1,6.0,10,,,,0,grp_f50d6ab233,original,huggingface:samder03/Project1,,unverified,human_estimated,MIT,2026-08-12
dur_0346,pay wifi bill,bayar tagihan wifi,bayar tagihan wifi,pay wifi bill,18.0,1,18.0,0.1,6.0,10,,,,0,grp_2fe7b973b6,original,huggingface:samder03/Project1,,unverified,human_estimated,MIT,2026-08-12
dur_0347,buy denzel curry tickets,beli tiket konser denzel curry,beli tiket konser denzel curry,buy denzel curry tickets,20.0,1,20.0,0.2,12.0,6,,,,0,grp_52875f3a86,original,huggingface:samder03/Project1,,unverified,human_estimated,MIT,2026-08-12
dur_0348,buy birthday gift for dad,beli hadiah ulang tahun untuk ayah,beli hadiah ulang tahun untuk ayah,buy birthday gift for dad,37.0,1,37.0,1.0,60.0,10,,,,0,grp_1a19afecd3,original,huggingface:samder03/Project1,,unverified,human_estimated,MIT,2026-08-12
dur_0349,reply to sally about fall break plans,balas sally soal rencana fall break,balas sally soal rencana fall break,reply to sally about fall break plans,2.0,1,2.0,0.2,12.0,8,,,,0,grp_2a91325127,original,huggingface:samder03/Project1,,unverified,human_estimated,MIT,2026-08-12
dur_0350,make solo day plans for fall break,buat rencana jalan-jalan sendiri saat fall break,buat rencana jalan-jalan sendiri saat fall break,make solo day plans for fall break,15.0,1,15.0,2.0,120.0,5,,,,0,grp_a126b28a44,original,huggingface:samder03/Project1,,unverified,human_estimated,MIT,2026-08-12
dur_0351,practice drums,latihan drum,latihan drum,practice drums,-1.0,0,,1.5,90.0,3,,,,0,grp_3c07422404,original,huggingface:samder03/Project1,,unverified,human_estimated,MIT,2026-08-12
dur_0352,retape posters to the wall,tempel ulang poster di dinding,tempel ulang poster di dinding,retape posters to the wall,18.0,1,18.0,0.3,18.0,3,,,,0,grp_5c8c26f9b4,original,huggingface:samder03/Project1,,unverified,human_estimated,MIT,2026-08-12
dur_0353,buy new perfume,beli parfum baru,beli parfum baru,buy new perfume,20.0,1,20.0,0.2,12.0,3,,,,0,grp_b96918a08a,original,huggingface:samder03/Project1,,unverified,human_estimated,MIT,2026-08-12
dur_0354,buy a new phone case,beli casing HP baru,beli casing HP baru,buy a new phone case,80.0,1,80.0,0.2,12.0,4,,,,0,grp_501aab699e,original,huggingface:samder03/Project1,,unverified,human_estimated,MIT,2026-08-12
dur_0355,charge toothbrush,cas sikat gigi elektrik,cas sikat gigi elektrik,charge toothbrush,3.0,1,3.0,0.08,4.8,4,,,,0,grp_367a3dc796,original,huggingface:samder03/Project1,,unverified,human_estimated,MIT,2026-08-12
dur_0356,change camera battery,ganti baterai kamera,ganti baterai kamera,change camera battery,15.0,1,15.0,0.1,6.0,4,,,,0,grp_4724f9ba42,original,huggingface:samder03/Project1,,unverified,human_estimated,MIT,2026-08-12
dur_0357,change the mirror light batteries,ganti baterai lampu cermin,ganti baterai lampu cermin,change the mirror light batteries,-1.0,0,,0.1,6.0,2,,,,0,grp_b6f375772a,original,huggingface:samder03/Project1,,unverified,human_estimated,MIT,2026-08-12
dur_0358,charge the portable charger,cas powerbank,cas powerbank,charge the portable charger,8.0,1,8.0,0.1,6.0,6,,,,0,grp_4ca548f6d5,original,huggingface:samder03/Project1,,unverified,human_estimated,MIT,2026-08-12
dur_0359,assemble new desk,merakit meja baru,merakit meja baru,assemble new desk,20.0,1,20.0,0.5,30.0,7,,,,0,grp_78b307932e,original,huggingface:samder03/Project1,,unverified,human_estimated,MIT,2026-08-12
dur_0360,buy a house plant,beli tanaman hias,beli tanaman hias,buy a house plant,-1.0,0,,0.75,45.0,1,,,,0,grp_9175142d93,original,huggingface:samder03/Project1,,unverified,human_estimated,MIT,2026-08-12
dur_0361,wipe down desk,lap meja,lap meja,wipe down desk,4.0,1,4.0,0.2,12.0,4,,,,0,grp_2d9b9f5a4d,original,huggingface:samder03/Project1,,unverified,human_estimated,MIT,2026-08-12
dur_0362,text sophia back,balas chat sophia,balas chat sophia,text sophia back,2.0,1,2.0,0.1,6.0,6,,,,0,grp_34baca9e74,original,huggingface:samder03/Project1,,unverified,human_estimated,MIT,2026-08-12
dur_0363,get my resuable bag back from jaden,ambil kembali tas reusable dari jaden,ambil kembali tas reusable dari jaden,get my resuable bag back from jaden,80.0,1,80.0,0.5,30.0,4,,,,0,grp_9a203fc454,original,huggingface:samder03/Project1,,unverified,human_estimated,MIT,2026-08-12
dur_0364,buy flowers for mom,beli bunga untuk ibu,beli bunga untuk ibu,buy flowers for mom,23.0,1,23.0,0.5,30.0,8,,,,0,grp_3f7a4d0b06,original,huggingface:samder03/Project1,,unverified,human_estimated,MIT,2026-08-12
dur_0365,buy nirvana poster,beli poster nirvana,beli poster nirvana,buy nirvana poster,-1.0,0,,0.4,24.0,1,,,,0,grp_7cc89e20b0,original,huggingface:samder03/Project1,,unverified,human_estimated,MIT,2026-08-12
dur_0366,sign up for presentation time slot,daftar slot waktu presentasi,daftar slot waktu presentasi,sign up for presentation time slot,2.0,1,2.0,0.1,6.0,10,,,,0,grp_4159a527c3,original,huggingface:samder03/Project1,,unverified,human_estimated,MIT,2026-08-12
dur_0367,ship out sally's comforter,kirim selimut milik sally,kirim selimut milik sally,ship out sally's comforter,40.0,1,40.0,0.5,30.0,6,,,,0,grp_0a88f0ea90,original,huggingface:samder03/Project1,,unverified,human_estimated,MIT,2026-08-12
dur_0368,delete unused apps,hapus aplikasi yang tidak dipakai,hapus aplikasi yang tidak dipakai,delete unused apps,-1.0,0,,1.0,60.0,1,,,,0,grp_d4c00a3466,original,huggingface:samder03/Project1,,unverified,human_estimated,MIT,2026-08-12
dur_0369,write a song in garageband,tulis lagu di garageband,tulis lagu di garageband,write a song in garageband,-1.0,0,,2.0,120.0,1,,,,0,grp_f3940e20ba,original,huggingface:samder03/Project1,,unverified,human_estimated,MIT,2026-08-12
dur_0370,text eunice back,balas chat eunice,balas chat eunice,text eunice back,3.0,1,3.0,0.1,6.0,3,,,,0,grp_c756c39902,original,huggingface:samder03/Project1,,unverified,human_estimated,MIT,2026-08-12
dur_0371,plan family bonding,rencanakan acara kumpul keluarga,rencanakan acara kumpul keluarga,plan family bonding,15.0,1,15.0,0.5,30.0,2,,,,0,grp_e9314c043a,original,huggingface:samder03/Project1,,unverified,human_estimated,MIT,2026-08-12
dur_0372,go for a run,lari pagi/sore,lari pagi/sore,go for a run,-1.0,0,,1.0,60.0,2,,,,0,grp_675d095255,original,huggingface:samder03/Project1,,unverified,human_estimated,MIT,2026-08-12
dur_0373,buy new eyeliner,beli eyeliner baru,beli eyeliner baru,buy new eyeliner,30.0,1,30.0,0.1,6.0,3,,,,0,grp_c919139f41,original,huggingface:samder03/Project1,,unverified,human_estimated,MIT,2026-08-12
dur_0374,buy new hair ties,beli ikat rambut baru,beli ikat rambut baru,buy new hair ties,24.0,1,24.0,0.1,6.0,3,,,,0,grp_c30b2dcc96,original,huggingface:samder03/Project1,,unverified,human_estimated,MIT,2026-08-12
dur_0375,clean laptop keyboard,bersihkan keyboard laptop,bersihkan keyboard laptop,clean laptop keyboard,14.0,1,14.0,0.15,9.0,3,,,,0,grp_b2d73147f8,original,huggingface:samder03/Project1,,unverified,human_estimated,MIT,2026-08-12
dur_0376,clean laptop screen,bersihkan layar laptop,bersihkan layar laptop,clean laptop screen,14.0,1,14.0,0.15,9.0,3,,,,0,grp_031546fd02,original,huggingface:samder03/Project1,,unverified,human_estimated,MIT,2026-08-12
dur_0377,fold clothes,lipat baju,lipat baju,fold clothes,2.0,1,2.0,0.4,24.0,7,,,label_bentrok_teks_sama,0,grp_c62c2a0170,original,huggingface:samder03/Project1,,unverified,human_estimated,MIT,2026-08-12
dur_0378,fold towels,lipat handuk,lipat handuk,fold towels,2.0,1,2.0,0.3,18.0,7,,,,0,grp_0c097a677b,original,huggingface:samder03/Project1,,unverified,human_estimated,MIT,2026-08-12
dur_0379,freeze leftovers,bekukan makanan sisa,bekukan makanan sisa,freeze leftovers,0.0,1,0.0,0.2,12.0,7,,,,0,grp_feaec6455a,original,huggingface:samder03/Project1,,unverified,human_estimated,MIT,2026-08-12
dur_0380,buy paper towels,beli tisu dapur,beli tisu dapur,buy paper towels,0.0,1,0.0,0.5,30.0,8,,,,0,grp_09a5c34449,original,huggingface:samder03/Project1,,unverified,human_estimated,MIT,2026-08-12
dur_0381,bake banana bread,memanggang banana bread,memanggang banana bread,bake banana bread,-1.0,0,,1.5,90.0,1,,,,0,grp_878691bd83,original,huggingface:samder03/Project1,,unverified,human_estimated,MIT,2026-08-12
dur_0382,make curry for the potluck,masak kari untuk acara potluck,masak kari untuk acara potluck,make curry for the potluck,4.0,1,4.0,2.0,120.0,7,,,,0,grp_857900baec,original,huggingface:samder03/Project1,,unverified,human_estimated,MIT,2026-08-12
dur_0383,cook rice,masak nasi,masak nasi,cook rice,4.0,1,4.0,0.65,39.0,7,,,,0,grp_91d2afad1c,original,huggingface:samder03/Project1,,unverified,human_estimated,MIT,2026-08-12
dur_0384,vacuum the dining room,vacuum ruang makan,vacuum ruang makan,vacuum the dining room,4.0,1,4.0,0.25,15.0,6,,,,0,grp_16b2e3a72a,original,huggingface:samder03/Project1,,unverified,human_estimated,MIT,2026-08-12
dur_0385,clean my jewelry,bersihkan perhiasan,bersihkan perhiasan,clean my jewelry,6.0,1,6.0,0.3,18.0,4,,,,0,grp_86fcc97f25,original,huggingface:samder03/Project1,,unverified,human_estimated,MIT,2026-08-12
dur_0386,do the new york times crossword,isi teka-teki silang new york times,isi teka-teki silang new york times,do the new york times crossword,0.0,1,0.0,0.07,4.2,8,,,,0,grp_88d032603b,original,huggingface:samder03/Project1,,unverified,human_estimated,MIT,2026-08-12
dur_0387,do the new york times sudoku,isi sudoku new york times,isi sudoku new york times,do the new york times sudoku,0.0,1,0.0,0.03,1.8,8,,,durasi<2menit,0,grp_2e439a5f5d,original,huggingface:samder03/Project1,,unverified,human_estimated,MIT,2026-08-12
dur_0388,play the linkedin games,main game linkedin,main game linkedin,play the linkedin games,0.0,1,0.0,0.16,9.6,8,,,,0,grp_a26aec0fb3,original,huggingface:samder03/Project1,,unverified,human_estimated,MIT,2026-08-12
dur_0389,get suit tailored,jahitkan jas,jahitkan jas,get suit tailored,17.0,1,17.0,0.5,30.0,6,,,,0,grp_c97a6b9e03,original,huggingface:samder03/Project1,,unverified,human_estimated,MIT,2026-08-12
dur_0390,buy christmas presents for family,beli hadiah natal untuk keluarga,beli hadiah natal untuk keluarga,buy christmas presents for family,65.0,1,65.0,2.0,120.0,9,,,,0,grp_1ce91f13fd,original,huggingface:samder03/Project1,,unverified,human_estimated,MIT,2026-08-12
dur_0391,go to the symphony,menonton konser simfoni,menonton konser simfoni,go to the symphony,-1.0,0,,3.0,180.0,2,,,,0,grp_ce0e6069f1,original,huggingface:samder03/Project1,,unverified,human_estimated,MIT,2026-08-12
dur_0392,finish dynamics homework,selesaikan PR dinamika,selesaikan PR dinamika,finish dynamics homework,5.0,1,5.0,7.0,420.0,10,,,durasi>300menit,0,grp_32f70817bd,original,huggingface:samder03/Project1,,unverified,human_estimated,MIT,2026-08-12
dur_0393,submit project 2 draft,kumpulkan draf project 2,kumpulkan draf project 2,submit project 2 draft,4.0,1,4.0,8.0,480.0,10,,,durasi>300menit,0,grp_dd7bd05209,original,huggingface:samder03/Project1,,unverified,human_estimated,MIT,2026-08-12
dur_0394,outline essay conclusion,buat kerangka kesimpulan esai,buat kerangka kesimpulan esai,outline essay conclusion,8.0,1,8.0,2.0,120.0,8,,,,0,grp_17178c336f,original,huggingface:samder03/Project1,,unverified,human_estimated,MIT,2026-08-12
dur_0395,start literature review notes,mulai catatan tinjauan literatur,mulai catatan tinjauan literatur,start literature review notes,2.0,1,2.0,1.5,90.0,8,,,,0,grp_d67a1647d7,original,huggingface:samder03/Project1,,unverified,human_estimated,MIT,2026-08-12
dur_0396,upload slides for presentation,unggah slide presentasi,unggah slide presentasi,upload slides for presentation,8.0,1,8.0,0.2,12.0,10,,,,0,grp_e77ecdc55d,original,huggingface:samder03/Project1,,unverified,human_estimated,MIT,2026-08-12
dur_0397,organize research citations,rapikan sitasi riset,rapikan sitasi riset,organize research citations,7.0,1,7.0,0.25,15.0,7,,,,0,grp_98c7d7c845,original,huggingface:samder03/Project1,,unverified,human_estimated,MIT,2026-08-12
dur_0398,schedule lab time,atur jadwal waktu praktikum,atur jadwal waktu praktikum,schedule lab time,10.0,1,10.0,0.15,9.0,8,,,,0,grp_5109b20e95,original,huggingface:samder03/Project1,,unverified,human_estimated,MIT,2026-08-12
dur_0399,research grad schools,riset kampus untuk S2,riset kampus untuk S2,research grad schools,-1.0,0,,1.0,60.0,7,,,,0,grp_34444b9c06,original,huggingface:samder03/Project1,,unverified,human_estimated,MIT,2026-08-12
dur_0400,prepare for mechanical engineering technical interview,persiapan wawancara teknis teknik mesin,persiapan wawancara teknis teknik mesin,prepare for mechanical engineering technical interview,-1.0,0,,1.5,90.0,10,,,,0,grp_4a8190f355,original,huggingface:samder03/Project1,,unverified,human_estimated,MIT,2026-08-12
dur_0401,prepare for robotics technical interview,persiapan wawancara teknis robotika,persiapan wawancara teknis robotika,prepare for robotics technical interview,-1.0,0,,1.5,90.0,10,,,,0,grp_0b5ccf900b,original,huggingface:samder03/Project1,,unverified,human_estimated,MIT,2026-08-12
dur_0402,practice behavioral questions for interview,latihan pertanyaan perilaku untuk wawancara,latihan pertanyaan perilaku untuk wawancara,practice behavioral questions for interview,-1.0,0,,1.0,60.0,10,,,,0,grp_555edd2d45,original,huggingface:samder03/Project1,,unverified,human_estimated,MIT,2026-08-12
dur_0403,clean water bottle for mold,bersihkan botol minum dari jamur,bersihkan botol minum dari jamur,clean water bottle for mold,-1.0,0,,0.05,3.0,4,,,,0,grp_3111351f89,original,huggingface:samder03/Project1,,unverified,human_estimated,MIT,2026-08-12
dur_0404,buy an extra charger,beli charger cadangan,beli charger cadangan,buy an extra charger,-1.0,0,,0.25,15.0,3,,,,0,grp_113edc3fc1,original,huggingface:samder03/Project1,,unverified,human_estimated,MIT,2026-08-12
dur_0405,buy a new sunscreen,beli sunscreen baru,beli sunscreen baru,buy a new sunscreen,8.0,1,8.0,0.2,12.0,2,,,,0,grp_bd80b100d4,original,huggingface:samder03/Project1,,unverified,human_estimated,MIT,2026-08-12
dur_0406,archive and delete any unimportant emails,arsipkan dan hapus email yang tidak penting,arsipkan dan hapus email yang tidak penting,archive and delete any unimportant emails,-1.0,0,,1.0,60.0,1,,,,0,grp_645d5c4fa4,original,huggingface:samder03/Project1,,unverified,human_estimated,MIT,2026-08-12
dur_0407,try out bob ross painting tutorial,coba tutorial melukis ala bob ross,coba tutorial melukis ala bob ross,try out bob ross painting tutorial,-1.0,0,,2.5,150.0,1,,,,0,grp_76634e06e3,original,huggingface:samder03/Project1,,unverified,human_estimated,MIT,2026-08-12
dur_0408,relearn how to harmonize,belajar lagi cara harmoni bernyanyi,belajar lagi cara harmoni bernyanyi,relearn how to harmonize,-1.0,0,,1.0,60.0,1,,,,0,grp_a62c8ddf73,original,huggingface:samder03/Project1,,unverified,human_estimated,MIT,2026-08-12
dur_0409,create portfolio website to use while applying,buat website portofolio untuk melamar kerja,buat website portofolio untuk melamar kerja,create portfolio website to use while applying,3.0,1,3.0,4.0,240.0,5,,,,0,grp_e140f1ff8a,original,huggingface:samder03/Project1,,unverified,human_estimated,MIT,2026-08-12
dur_0410,create running schedule,buat jadwal lari,buat jadwal lari,create running schedule,21.0,1,21.0,0.5,30.0,6,,,,0,grp_15605a0662,original,huggingface:samder03/Project1,,unverified,human_estimated,MIT,2026-08-12
dur_0411,go to the gym for an hour,pergi ke gym selama satu jam,pergi ke gym selama satu jam,go to the gym for an hour,1.0,1,1.0,1.5,90.0,7,,,,0,grp_d8ddce1075,original,huggingface:samder03/Project1,,unverified,human_estimated,MIT,2026-08-12
dur_0412,eat more fiber,makan lebih banyak serat,makan lebih banyak serat,eat more fiber,-1.0,0,,0.25,15.0,7,,,,0,grp_759f5c1eba,original,huggingface:samder03/Project1,,unverified,human_estimated,MIT,2026-08-12
dur_0413,submit project 1 deliverable for ai/ml class,kumpulkan deliverable project 1 untuk kelas ai/ml,kumpulkan deliverable project 1 untuk kelas ai/ml,submit project 1 deliverable for ai/ml class,12.0,1,12.0,4.0,240.0,9,,,,0,grp_37571a0fd4,original,huggingface:samder03/Project1,,unverified,human_estimated,MIT,2026-08-12
dur_0414,finish team charter for lab report,selesaikan team charter untuk laporan praktikum,selesaikan team charter untuk laporan praktikum,finish team charter for lab report,2.0,1,2.0,1.0,60.0,8,,,,0,grp_87527970c5,original,huggingface:samder03/Project1,,unverified,human_estimated,MIT,2026-08-12
dur_0415,learn how to dj,belajar jadi DJ,belajar jadi DJ,learn how to dj,-1.0,0,,25.0,1500.0,1,,,durasi>600menit,0,grp_df4a726fd3,original,huggingface:samder03/Project1,,unverified,human_estimated,MIT,2026-08-12
dur_0416,fix classpass membership,perbaiki keanggotaan classpass,perbaiki keanggotaan classpass,fix classpass membership,16.0,1,16.0,0.5,30.0,6,,,,0,grp_50c967210d,original,huggingface:samder03/Project1,,unverified,human_estimated,MIT,2026-08-12
dur_0417,attend 1:1 ra meetings,menghadiri pertemuan 1:1 dengan RA,menghadiri pertemuan 1:1 dengan RA,attend 1:1 ra meetings,1.0,1,1.0,1.25,75.0,9,,,,0,grp_8f5b063cac,original,huggingface:samder03/Project1,,unverified,human_estimated,MIT,2026-08-12
dur_0418,take team photos,foto bersama tim,foto bersama tim,take team photos,15.0,1,15.0,2.0,120.0,5,,,,0,grp_2f129d8411,original,huggingface:samder03/Project1,,unverified,human_estimated,MIT,2026-08-12
dur_0419,buy bagguette from gabi et jules,beli baguette dari gabi et jules,beli baguette dari gabi et jules,buy bagguette from gabi et jules,3.0,1,3.0,0.75,45.0,3,,,,0,grp_fe38952610,original,huggingface:samder03/Project1,,unverified,human_estimated,MIT,2026-08-12
dur_0420,clean out closet and remove old clothes,bersihkan lemari dan buang baju lama,bersihkan lemari dan buang baju lama,clean out closet and remove old clothes,12.0,1,12.0,2.5,150.0,4,,,,0,grp_388e5663ca,original,huggingface:samder03/Project1,,unverified,human_estimated,MIT,2026-08-12
dur_0421,clean dishes,cuci piring,cuci piring,clean dishes,1.0,1,1.0,0.18,10.8,3,,,label_bentrok_teks_sama,0,grp_e498b1de41,original,huggingface:samder03/Project1,,unverified,human_estimated,MIT,2026-08-12
dur_0422,load dishwasher,isi mesin cuci piring,isi mesin cuci piring,load dishwasher,1.0,1,1.0,0.18,10.8,3,,,,0,grp_bb8f3afa8f,original,huggingface:samder03/Project1,,unverified,human_estimated,MIT,2026-08-12
dur_0423,call health insurance regarding surgery follow up,telepon asuransi kesehatan soal follow up operasi,telepon asuransi kesehatan soal follow up operasi,call health insurance regarding surgery follow up,3.0,1,3.0,0.75,45.0,9,,,,0,grp_eca683df2c,original,huggingface:samder03/Project1,,unverified,human_estimated,MIT,2026-08-12
dur_0424,return id to lost and found,kembalikan kartu identitas ke lost and found,kembalikan kartu identitas ke lost and found,return id to lost and found,0.0,1,0.0,0.5,30.0,7,,,,0,grp_20ef4dc801,original,huggingface:samder03/Project1,,unverified,human_estimated,MIT,2026-08-12
dur_0425,ask for extension on project 1,minta perpanjangan waktu untuk project 1,minta perpanjangan waktu untuk project 1,ask for extension on project 1,0.0,1,0.0,0.18,10.8,8,,,,0,grp_f44a93a401,original,huggingface:samder03/Project1,,unverified,human_estimated,MIT,2026-08-12
dur_0426,buy tennis balls,beli bola tenis,beli bola tenis,buy tennis balls,7.0,1,7.0,0.5,30.0,2,,,,0,grp_026442dc5c,original,huggingface:samder03/Project1,,unverified,human_estimated,MIT,2026-08-12
dur_0427,get tickets for going to the amusement park,beli tiket ke taman hiburan,beli tiket ke taman hiburan,get tickets for going to the amusement park,3.0,1,3.0,0.5,30.0,1,,,,0,grp_9022b5bd7b,original,huggingface:samder03/Project1,,unverified,human_estimated,MIT,2026-08-12
dur_0428,pack gym bag for morning workout,siapkan tas gym untuk olahraga pagi,siapkan tas gym untuk olahraga pagi,pack gym bag for morning workout,0.0,1,0.0,0.25,15.0,5,,,,0,grp_5bcc1985eb,original,huggingface:samder03/Project1,,unverified,human_estimated,MIT,2026-08-12
dur_0429,complete english paper about frankenstein,selesaikan paper bahasa inggris tentang frankenstein,selesaikan paper bahasa inggris tentang frankenstein,complete english paper about frankenstein,7.0,1,7.0,7.0,420.0,9,,,durasi>300menit,0,grp_5b453a75be,original,huggingface:samder03/Project1,,unverified,human_estimated,MIT,2026-08-12
dur_0430,finish math problem set,selesaikan soal-soal matematika,selesaikan soal-soal matematika,finish math problem set,5.0,1,5.0,6.0,360.0,9,,,durasi>300menit,0,grp_2132fd4c42,original,huggingface:samder03/Project1,,unverified,human_estimated,MIT,2026-08-12
dur_0431,fill out multiple questions in science homework,isi beberapa soal PR sains,isi beberapa soal PR sains,fill out multiple questions in science homework,4.0,1,4.0,5.0,300.0,9,,,,0,grp_d7db5184e7,original,huggingface:samder03/Project1,,unverified,human_estimated,MIT,2026-08-12
dur_0432,wash hair,cuci rambut/keramas,cuci rambut/keramas,wash hair,1.0,1,1.0,0.25,15.0,5,,,,0,grp_ac4802a245,original,huggingface:samder03/Project1,,unverified,human_estimated,MIT,2026-08-12
dur_0433,wax arms and legs,waxing tangan dan kaki,waxing tangan dan kaki,wax arms and legs,2.0,1,2.0,0.75,45.0,3,,,,0,grp_1a313ef99a,original,huggingface:samder03/Project1,,unverified,human_estimated,MIT,2026-08-12
dur_0434,toss out expired food from fridge,buang makanan kedaluwarsa dari kulkas,buang makanan kedaluwarsa dari kulkas,toss out expired food from fridge,0.0,1,0.0,0.5,30.0,5,,,,0,grp_9a8af4abda,original,huggingface:samder03/Project1,,unverified,human_estimated,MIT,2026-08-12
dur_0435,study for history test,belajar untuk ujian sejarah,belajar untuk ujian sejarah,study for history test,3.0,1,3.0,5.0,300.0,8,,,,0,grp_ef807fc95d,original,huggingface:samder03/Project1,,unverified,human_estimated,MIT,2026-08-12
dur_0436,practice for sat,belajar untuk tes SAT,belajar untuk tes SAT,practice for sat,28.0,1,28.0,10.0,600.0,10,,,durasi>300menit,0,grp_82a9538aac,original,huggingface:samder03/Project1,,unverified,human_estimated,MIT,2026-08-12
dur_0437,review notes before class,review catatan sebelum kelas,review catatan sebelum kelas,review notes before class,2.0,1,2.0,1.0,60.0,7,,,,0,grp_10899984bb,original,huggingface:samder03/Project1,,unverified,human_estimated,MIT,2026-08-12
dur_0438,come up with ideas for startup,cari ide untuk startup,cari ide untuk startup,come up with ideas for startup,1.0,1,1.0,2.0,120.0,6,,,,0,grp_8b0c19f56b,original,huggingface:samder03/Project1,,unverified,human_estimated,MIT,2026-08-12
dur_0439,practice elevator pitch for meeting with recruiters,latihan elevator pitch untuk bertemu recruiter,latihan elevator pitch untuk bertemu recruiter,practice elevator pitch for meeting with recruiters,6.0,1,6.0,1.0,60.0,7,,,,0,grp_4ab2993687,original,huggingface:samder03/Project1,,unverified,human_estimated,MIT,2026-08-12
dur_0440,find scholarships to apply for,cari beasiswa untuk dilamar,cari beasiswa untuk dilamar,find scholarships to apply for,-1.0,0,,4.0,240.0,8,,,,0,grp_d3490f4c93,original,huggingface:samder03/Project1,,unverified,human_estimated,MIT,2026-08-12
dur_0441,help friend move out of her apartment,bantu teman pindahan dari apartemen,bantu teman pindahan dari apartemen,help friend move out of her apartment,12.0,1,12.0,3.0,180.0,6,,,,0,grp_43602d7de0,original,huggingface:samder03/Project1,,unverified,human_estimated,MIT,2026-08-12
dur_0442,ask roommate for extra charger,minta charger cadangan ke teman sekamar,minta charger cadangan ke teman sekamar,ask roommate for extra charger,0.0,1,0.0,0.1,6.0,3,,,,0,grp_691ad02eed,original,huggingface:samder03/Project1,,unverified,human_estimated,MIT,2026-08-12
dur_0443,acquire asian groceries to make dinner,beli bahan makanan asia untuk masak makan malam,beli bahan makanan asia untuk masak makan malam,acquire asian groceries to make dinner,4.0,1,4.0,1.5,90.0,4,,,,0,grp_4c342e10bb,original,huggingface:samder03/Project1,,unverified,human_estimated,MIT,2026-08-12
dur_0444,walk 10000 steps,jalan kaki 10000 langkah,jalan kaki 10000 langkah,walk 10000 steps,1.0,1,1.0,1.5,90.0,7,,,,0,grp_a56176ea20,original,huggingface:samder03/Project1,,unverified,human_estimated,MIT,2026-08-12
dur_0445,update apps on phone,update aplikasi di HP,update aplikasi di HP,update apps on phone,-1.0,0,,0.25,15.0,6,,,,0,grp_12c5167ea5,original,huggingface:samder03/Project1,,unverified,human_estimated,MIT,2026-08-12
dur_0446,update linkedin bio,update bio linkedin,update bio linkedin,update linkedin bio,3.0,1,3.0,1.0,60.0,6,,,,0,grp_3690efa1e9,original,huggingface:samder03/Project1,,unverified,human_estimated,MIT,2026-08-12
dur_0447,replace toilet paper in bathroom,ganti tisu toilet di kamar mandi,ganti tisu toilet di kamar mandi,replace toilet paper in bathroom,0.0,1,0.0,0.05,3.0,5,,,,0,grp_0a5b335ff9,original,huggingface:samder03/Project1,,unverified,human_estimated,MIT,2026-08-12
dur_0448,schedule yearly physical,buat janji medical check up tahunan,buat janji medical check up tahunan,schedule yearly physical,90.0,1,90.0,0.5,30.0,8,,,,0,grp_30cbe05d3c,original,huggingface:samder03/Project1,,unverified,human_estimated,MIT,2026-08-12
dur_0449,drop off donations at goodwill,antar donasi barang ke goodwill,antar donasi barang ke goodwill,drop off donations at goodwill,10.0,1,10.0,1.0,60.0,4,,,,0,grp_016f7ac94d,original,huggingface:samder03/Project1,,unverified,human_estimated,MIT,2026-08-12
dur_0450,solve problems in algebra textbook,kerjakan soal di buku aljabar,kerjakan soal di buku aljabar,solve problems in algebra textbook,2.0,1,2.0,3.0,180.0,9,,,,0,grp_ebd6fd78e7,original,huggingface:samder03/Project1,,unverified,human_estimated,MIT,2026-08-12
dur_0451,plug in solutions to matlab application,masukkan solusi ke aplikasi matlab,masukkan solusi ke aplikasi matlab,plug in solutions to matlab application,6.0,1,6.0,2.0,120.0,7,,,,0,grp_03596157fb,original,huggingface:samder03/Project1,,unverified,human_estimated,MIT,2026-08-12
dur_0452,set up autopay for electricity bill,atur autopay untuk tagihan listrik,atur autopay untuk tagihan listrik,set up autopay for electricity bill,29.0,1,29.0,0.5,30.0,9,,,,0,grp_9a349b6d66,original,huggingface:samder03/Project1,,unverified,human_estimated,MIT,2026-08-12
dur_0453,go pick up sister from school,jemput adik/kakak dari sekolah,jemput adik/kakak dari sekolah,go pick up sister from school,0.0,1,0.0,0.5,30.0,7,,,,0,grp_7394699b5e,original,huggingface:samder03/Project1,,unverified,human_estimated,MIT,2026-08-12
dur_0454,study for midterm,belajar untuk UTS,belajar untuk UTS,study for midterm,8.0,1,8.0,8.0,480.0,10,,,durasi>300menit|label_bentrok_teks_sama,0,grp_91bd851c08,original,huggingface:samder03/Project1,,unverified,human_estimated,MIT,2026-08-12
dur_0455,make budget for club team,buat anggaran untuk tim klub,buat anggaran untuk tim klub,make budget for club team,5.0,1,5.0,2.0,120.0,6,,,,0,grp_a0732e353a,original,huggingface:samder03/Project1,,unverified,human_estimated,MIT,2026-08-12
dur_0456,find clothes for costume,cari baju untuk kostum,cari baju untuk kostum,find clothes for costume,4.0,1,4.0,1.5,90.0,4,,,,0,grp_1ff8b4c5e6,original,huggingface:samder03/Project1,,unverified,human_estimated,MIT,2026-08-12
dur_0457,get ready for concert,bersiap untuk konser,bersiap untuk konser,get ready for concert,2.0,1,2.0,2.0,120.0,2,,,,0,grp_b9fd61bf43,original,huggingface:samder03/Project1,,unverified,human_estimated,MIT,2026-08-12
dur_0458,finish real analysis problem set,selesaikan soal-soal real analysis,selesaikan soal-soal real analysis,finish real analysis problem set,9.0,1,9.0,6.0,360.0,9,,,durasi>300menit,0,grp_c4e562058c,original,huggingface:samder03/Project1,,unverified,human_estimated,MIT,2026-08-12
dur_0459,make instagram post for journal release,buat post instagram untuk rilis jurnal,buat post instagram untuk rilis jurnal,make instagram post for journal release,1.0,1,1.0,1.0,60.0,7,,,,0,grp_ecf72b94c0,original,huggingface:samder03/Project1,,unverified,human_estimated,MIT,2026-08-12
dur_0460,interview parents about personal culture,wawancarai orang tua soal budaya keluarga,wawancarai orang tua soal budaya keluarga,interview parents about personal culture,7.0,1,7.0,2.0,120.0,8,,,,0,grp_e9f4df633b,original,huggingface:samder03/Project1,,unverified,human_estimated,MIT,2026-08-12
dur_0461,present on chinese poetry,presentasi tentang puisi tiongkok,presentasi tentang puisi tiongkok,present on chinese poetry,2.0,1,2.0,4.0,240.0,6,,,,0,grp_3c0ae5e37a,original,huggingface:samder03/Project1,,unverified,human_estimated,MIT,2026-08-12
dur_0462,meet with board members to discuss firing member,rapat dengan pengurus untuk bahas pemecatan anggota,rapat dengan pengurus untuk bahas pemecatan anggota,meet with board members to discuss firing member,9.0,1,9.0,2.0,120.0,9,,,,0,grp_bd0d27800b,original,huggingface:samder03/Project1,,unverified,human_estimated,MIT,2026-08-12
dur_0463,practice drills for tennis,latihan drill tenis,latihan drill tenis,practice drills for tennis,4.0,1,4.0,2.0,120.0,2,,,,0,grp_6abdbdab78,original,huggingface:samder03/Project1,,unverified,human_estimated,MIT,2026-08-12
dur_0464,look up how to sew button on clothes,cari cara menjahit kancing baju,cari cara menjahit kancing baju,look up how to sew button on clothes,1.0,1,1.0,0.5,30.0,1,,,,0,grp_8cc02027c6,original,huggingface:samder03/Project1,,unverified,human_estimated,MIT,2026-08-12
dur_0465,return library books,kembalikan buku perpustakaan,kembalikan buku perpustakaan,return library books,3.0,1,3.0,0.25,15.0,5,,,,0,grp_523764f285,original,huggingface:samder03/Project1,,unverified,human_estimated,MIT,2026-08-12
dur_0466,summarize lecture 12 in 200 words,rangkum kuliah 12 dalam 200 kata,rangkum kuliah 12 dalam 200 kata,summarize lecture 12 in 200 words,5.0,1,5.0,1.0,60.0,6,,,,0,grp_bf51b8ae1d,original,huggingface:samder03/Project1,,unverified,human_estimated,MIT,2026-08-12
dur_0467,write comments in code for documentation,tulis komentar kode untuk dokumentasi,tulis komentar kode untuk dokumentasi,write comments in code for documentation,6.0,1,6.0,2.0,120.0,7,,,,0,grp_a83a5041b9,original,huggingface:samder03/Project1,,unverified,human_estimated,MIT,2026-08-12
dur_0468,renew car registration,perpanjang STNK,perpanjang STNK,renew car registration,9.0,1,9.0,0.5,30.0,8,,,,0,grp_73d8c32c4a,original,huggingface:samder03/Project1,,unverified,human_estimated,MIT,2026-08-12
dur_0469,compile bibliography for scientific research paper,susun daftar pustaka untuk paper riset ilmiah,susun daftar pustaka untuk paper riset ilmiah,compile bibliography for scientific research paper,8.0,1,8.0,3.0,180.0,6,,,,0,grp_b6b0b4c65f,original,huggingface:samder03/Project1,,unverified,human_estimated,MIT,2026-08-12
dur_0470,pair review on refactor branch,pair review branch refactor,pair review branch refactor,pair review on refactor branch,7.0,1,7.0,2.0,120.0,7,,,,0,grp_491fae97dd,original,huggingface:samder03/Project1,,unverified,human_estimated,MIT,2026-08-12
dur_0471,draft incident post mortem,tulis draf laporan post mortem insiden,tulis draf laporan post mortem insiden,draft incident post mortem,9.0,1,9.0,3.0,180.0,8,,,,0,grp_2cf64fd7fb,original,huggingface:samder03/Project1,,unverified,human_estimated,MIT,2026-08-12
dur_0472,take daily vitamins,minum vitamin harian,minum vitamin harian,take daily vitamins,3.0,1,3.0,0.05,3.0,4,,,,0,grp_2a1b14af18,original,huggingface:samder03/Project1,,unverified,human_estimated,MIT,2026-08-12
dur_0473,call grandma,telepon nenek,telepon nenek,call grandma,9.0,1,9.0,0.5,30.0,6,,,label_bentrok_teks_sama,0,grp_bc55c30d30,original,huggingface:samder03/Project1,,unverified,human_estimated,MIT,2026-08-12
dur_0474,check credit card statement,cek tagihan kartu kredit,cek tagihan kartu kredit,check credit card statement,10.0,1,10.0,0.25,15.0,8,,,,0,grp_a2c2165099,original,huggingface:samder03/Project1,,unverified,human_estimated,MIT,2026-08-12
dur_0475,open a brokerage account,buka rekening broker/investasi,buka rekening broker/investasi,open a brokerage account,6.0,1,6.0,1.0,60.0,8,,,,0,grp_7f7fa3b8cb,original,huggingface:samder03/Project1,,unverified,human_estimated,MIT,2026-08-12
dur_0476,start investing in stocks,mulai investasi saham,mulai investasi saham,start investing in stocks,4.0,1,4.0,2.0,120.0,9,,,,0,grp_a7bbef58bd,original,huggingface:samder03/Project1,,unverified,human_estimated,MIT,2026-08-12
dur_0477,open a rothira and a 401k,buka akun roth ira dan 401k,buka akun roth ira dan 401k,open a rothira and a 401k,8.0,1,8.0,2.0,120.0,9,,,,0,grp_a7b99ca9ee,original,huggingface:samder03/Project1,,unverified,human_estimated,MIT,2026-08-12
dur_0478,review bank transactions,periksa transaksi bank,periksa transaksi bank,review bank transactions,9.0,1,9.0,0.5,30.0,8,,,,0,grp_385ca168b3,original,huggingface:samder03/Project1,,unverified,human_estimated,MIT,2026-08-12
dur_0479,prep freezer meal,siapkan makanan beku untuk stok,siapkan makanan beku untuk stok,prep freezer meal,3.0,1,3.0,2.0,120.0,2,,,,0,grp_648db2cc7e,original,huggingface:samder03/Project1,,unverified,human_estimated,MIT,2026-08-12
dur_0480,measure space for a shellf,ukur ruang untuk rak,ukur ruang untuk rak,measure space for a shellf,5.0,1,5.0,0.5,30.0,3,,,,0,grp_f182042dc4,original,huggingface:samder03/Project1,,unverified,human_estimated,MIT,2026-08-12
dur_0481,patch a small wall hole,tambal lubang kecil di dinding,tambal lubang kecil di dinding,patch a small wall hole,30.0,1,30.0,2.0,120.0,4,,,,0,grp_859a847d87,original,huggingface:samder03/Project1,,unverified,human_estimated,MIT,2026-08-12
dur_0482,put up painting,pasang lukisan,pasang lukisan,put up painting,2.0,1,2.0,0.5,30.0,3,,,,0,grp_e86bc2427e,original,huggingface:samder03/Project1,,unverified,human_estimated,MIT,2026-08-12
dur_0483,submit regrade requests for exam 1,ajukan permintaan regrade untuk ujian 1,ajukan permintaan regrade untuk ujian 1,submit regrade requests for exam 1,7.0,1,7.0,0.25,15.0,8,,,,0,grp_e37d3e90a9,original,huggingface:samder03/Project1,,unverified,human_estimated,MIT,2026-08-12
dur_0484,proofread sister's college essay,periksa ulang esai kuliah adik/kakak,periksa ulang esai kuliah adik/kakak,proofread sister's college essay,20.0,1,20.0,2.0,120.0,9,,,,0,grp_3307f150fb,original,huggingface:samder03/Project1,,unverified,human_estimated,MIT,2026-08-12
dur_0485,choose a new book to read,pilih buku baru untuk dibaca,pilih buku baru untuk dibaca,choose a new book to read,-1.0,0,,0.5,30.0,2,,,,0,grp_16a82e84e9,original,huggingface:samder03/Project1,,unverified,human_estimated,MIT,2026-08-12
dur_0486,return online order,kembalikan pesanan online,kembalikan pesanan online,return online order,16.0,1,16.0,1.5,90.0,6,,,,0,grp_600a49cc57,original,huggingface:samder03/Project1,,unverified,human_estimated,MIT,2026-08-12
dur_0487,refill windshield wipers,ganti karet wiper mobil,ganti karet wiper mobil,refill windshield wipers,3.0,1,3.0,0.25,15.0,5,,,,0,grp_d669a2cde1,original,huggingface:samder03/Project1,,unverified,human_estimated,MIT,2026-08-12
dur_0488,get car washed,cuci mobil,cuci mobil,get car washed,5.0,1,5.0,1.0,60.0,4,,,,0,grp_ab65dae700,original,huggingface:samder03/Project1,,unverified,human_estimated,MIT,2026-08-12
dur_0489,figure out new skincare routine,cari tahu rutinitas skincare baru,cari tahu rutinitas skincare baru,figure out new skincare routine,-1.0,0,,2.0,120.0,2,,,,0,grp_1a3b3f5ff4,original,huggingface:samder03/Project1,,unverified,human_estimated,MIT,2026-08-12
dur_0490,create figures to represent data and results,buat gambar/grafik untuk merepresentasikan data dan hasil,buat gambar/grafik untuk merepresentasikan data dan hasil,create figures to represent data and results,3.0,1,3.0,3.0,180.0,7,,,,0,grp_30d9e6248b,original,huggingface:samder03/Project1,,unverified,human_estimated,MIT,2026-08-12
dur_0491,stretch for 10 min,stretching selama 10 menit,stretching selama 10 menit,stretch for 10 min,0.0,1,0.0,0.2,12.0,3,,,,0,grp_3217e14c6d,original,huggingface:samder03/Project1,,unverified,human_estimated,MIT,2026-08-12
dur_0492,text friend to catch up,chat teman untuk ngobrol/catch up,chat teman untuk ngobrol/catch up,text friend to catch up,4.0,1,4.0,0.05,3.0,2,,,,0,grp_104951cae5,original,huggingface:samder03/Project1,,unverified,human_estimated,MIT,2026-08-12
dur_0493,pack lunch for tomorrow,siapkan bekal makan siang besok,siapkan bekal makan siang besok,pack lunch for tomorrow,0.0,1,0.0,0.5,30.0,3,,,,0,grp_193bccaf32,original,huggingface:samder03/Project1,,unverified,human_estimated,MIT,2026-08-12
dur_0494,tidy entryway,rapikan area pintu masuk,rapikan area pintu masuk,tidy entryway,3.0,1,3.0,0.5,30.0,4,,,,0,grp_0165a079fd,original,huggingface:samder03/Project1,,unverified,human_estimated,MIT,2026-08-12
dur_0495,water hoseplants,siram tanaman dengan selang,siram tanaman dengan selang,water hoseplants,0.0,1,0.0,0.25,15.0,2,,,,0,grp_5a46407d56,original,huggingface:samder03/Project1,,unverified,human_estimated,MIT,2026-08-12
dur_0496,declutter desk,rapikan meja dari barang tidak perlu,rapikan meja dari barang tidak perlu,declutter desk,4.0,1,4.0,1.0,60.0,3,,,,0,grp_2d15b439c8,original,huggingface:samder03/Project1,,unverified,human_estimated,MIT,2026-08-12
dur_0497,schedule eye exam,buat janji tes mata,buat janji tes mata,schedule eye exam,4.0,1,4.0,0.5,30.0,8,,,,0,grp_53abbf5106,original,huggingface:samder03/Project1,,unverified,human_estimated,MIT,2026-08-12
dur_0498,unsubcribe from spam emails,berhenti berlangganan email spam,berhenti berlangganan email spam,unsubcribe from spam emails,-1.0,0,,1.0,60.0,3,,,,0,grp_6283a28e15,original,huggingface:samder03/Project1,,unverified,human_estimated,MIT,2026-08-12
dur_0499,write thesis chapter 1 introduction,tulis bab 1 skripsi (pendahuluan),tulis bab 1 skripsi (pendahuluan),write thesis chapter 1 introduction,21.0,1,21.0,10.0,600.0,9,first draft from scratch,draf pertama dari nol,durasi>300menit,0,grp_f65f008bef,original,huggingface:samder03/Project1,,unverified,human_estimated,MIT,2026-08-12
dur_0500,write thesis chapter 2 literature review,tulis bab 2 skripsi (tinjauan pustaka),tulis bab 2 skripsi (tinjauan pustaka),write thesis chapter 2 literature review,25.0,1,25.0,14.0,840.0,9,needs to synthesize 40+ papers,perlu sintesis lebih dari 40 paper,durasi>600menit,0,grp_8b802dfb50,original,huggingface:samder03/Project1,,unverified,human_estimated,MIT,2026-08-12
dur_0501,write thesis chapter 3 methodology,tulis bab 3 skripsi (metodologi),tulis bab 3 skripsi (metodologi),write thesis chapter 3 methodology,18.0,1,18.0,8.0,480.0,9,methods already decided just need to write,metode sudah ditentukan tinggal ditulis,durasi>300menit,0,grp_aff4075a12,original,huggingface:samder03/Project1,,unverified,human_estimated,MIT,2026-08-12
dur_0502,write thesis chapter 4 results,tulis bab 4 skripsi (hasil penelitian),tulis bab 4 skripsi (hasil penelitian),write thesis chapter 4 results,14.0,1,14.0,12.0,720.0,10,waiting on final data before writing,menunggu data final sebelum menulis,durasi>600menit,0,grp_daf4f7ed20,original,huggingface:samder03/Project1,,unverified,human_estimated,MIT,2026-08-12
dur_0503,write thesis chapter 5 discussion,tulis bab 5 skripsi (pembahasan),tulis bab 5 skripsi (pembahasan),write thesis chapter 5 discussion,10.0,1,10.0,9.0,540.0,9,need to connect results back to literature,perlu kaitkan hasil dengan literatur,durasi>300menit,0,grp_e827712260,original,huggingface:samder03/Project1,,unverified,human_estimated,MIT,2026-08-12
dur_0504,write thesis conclusion and recommendations,tulis kesimpulan dan saran skripsi,tulis kesimpulan dan saran skripsi,write thesis conclusion and recommendations,7.0,1,7.0,4.0,240.0,8,,,,0,grp_091100aa36,original,huggingface:samder03/Project1,,unverified,human_estimated,MIT,2026-08-12
dur_0505,revise thesis chapter 1 based on advisor feedback,revisi bab 1 skripsi sesuai masukan dosen pembimbing,revisi bab 1 skripsi sesuai masukan dosen pembimbing,revise thesis chapter 1 based on advisor feedback,5.0,1,5.0,3.0,180.0,8,advisor wants restructuring of subsections,dosen minta penataan ulang subbab,,0,grp_1cd8d1746f,original,huggingface:samder03/Project1,,unverified,human_estimated,MIT,2026-08-12
dur_0506,revise thesis chapter 2 based on advisor feedback,revisi bab 2 skripsi sesuai masukan dosen pembimbing,revisi bab 2 skripsi sesuai masukan dosen pembimbing,revise thesis chapter 2 based on advisor feedback,5.0,1,5.0,4.0,240.0,8,need more recent references,perlu tambah referensi terbaru,,0,grp_c10bea6564,original,huggingface:samder03/Project1,,unverified,human_estimated,MIT,2026-08-12
dur_0507,revise thesis chapter 3 methodology after committee review,revisi bab 3 metodologi setelah review komite,revisi bab 3 metodologi setelah review komite,revise thesis chapter 3 methodology after committee review,4.0,1,4.0,3.0,180.0,9,committee flagged sampling method,komite mempertanyakan metode sampling,,0,grp_2fda279b7e,original,huggingface:samder03/Project1,,unverified,human_estimated,MIT,2026-08-12
dur_0508,revise thesis chapter 4 results after data recheck,revisi bab 4 hasil setelah pengecekan ulang data,revisi bab 4 hasil setelah pengecekan ulang data,revise thesis chapter 4 results after data recheck,3.0,1,3.0,5.0,300.0,9,found discrepancy in dataset,ditemukan ketidaksesuaian di dataset,,0,grp_e9ace56978,original,huggingface:samder03/Project1,,unverified,human_estimated,MIT,2026-08-12
dur_0509,revise entire thesis draft for final submission,revisi keseluruhan draf skripsi untuk pengumpulan akhir,revisi keseluruhan draf skripsi untuk pengumpulan akhir,revise entire thesis draft for final submission,6.0,1,6.0,10.0,600.0,10,final formatting and consistency pass,pengecekan format dan konsistensi akhir,durasi>300menit,0,grp_bdc2d484dd,original,huggingface:samder03/Project1,,unverified,human_estimated,MIT,2026-08-12
dur_0510,proofread full thesis draft,proofread keseluruhan draf skripsi,proofread keseluruhan draf skripsi,proofread full thesis draft,3.0,1,3.0,4.0,240.0,8,,,,0,grp_8d5e0be9f0,original,huggingface:samder03/Project1,,unverified,human_estimated,MIT,2026-08-12
dur_0511,format thesis according to university template,format skripsi sesuai template kampus,format skripsi sesuai template kampus,format thesis according to university template,2.0,1,2.0,3.0,180.0,7,margins citations page numbers,margin sitasi nomor halaman,,0,grp_0131997db0,original,huggingface:samder03/Project1,,unverified,human_estimated,MIT,2026-08-12
dur_0512,prepare thesis defense presentation slides,siapkan slide presentasi sidang skripsi,siapkan slide presentasi sidang skripsi,prepare thesis defense presentation slides,10.0,1,10.0,6.0,360.0,10,,,durasi>300menit,0,grp_bb67e07c5a,original,huggingface:samder03/Project1,,unverified,human_estimated,MIT,2026-08-12
dur_0513,rehearse thesis defense presentation,latihan presentasi sidang skripsi,latihan presentasi sidang skripsi,rehearse thesis defense presentation,3.0,1,3.0,2.0,120.0,10,,,,0,grp_772e8c4ca5,original,huggingface:samder03/Project1,,unverified,human_estimated,MIT,2026-08-12
dur_0514,respond to reviewer comments on thesis draft,tanggapi komentar reviewer pada draf skripsi,tanggapi komentar reviewer pada draf skripsi,respond to reviewer comments on thesis draft,6.0,1,6.0,5.0,300.0,9,12 comments to address,ada 12 komentar yang harus dijawab,,0,grp_8bad8be4d7,original,huggingface:samder03/Project1,,unverified,human_estimated,MIT,2026-08-12
dur_0515,write literature review for equity research report,tulis tinjauan literatur untuk laporan equity research,tulis tinjauan literatur untuk laporan equity research,write literature review for equity research report,10.0,1,10.0,6.0,360.0,9,using INCO report as structural reference,pakai laporan INCO sebagai acuan struktur,durasi>300menit,0,grp_c9ae24da84,original,huggingface:samder03/Project1,,unverified,human_estimated,MIT,2026-08-12
dur_0516,write industry analysis section of ER report,tulis bagian analisis industri laporan equity research,tulis bagian analisis industri laporan equity research,write industry analysis section of ER report,8.0,1,8.0,5.0,300.0,9,,,,0,grp_a9168509a5,original,huggingface:samder03/Project1,,unverified,human_estimated,MIT,2026-08-12
dur_0517,write financial modeling section of ER report,tulis bagian pemodelan keuangan laporan equity research,tulis bagian pemodelan keuangan laporan equity research,write financial modeling section of ER report,7.0,1,7.0,7.0,420.0,10,dcf and comparable valuation,dcf dan valuasi pembanding,durasi>300menit,0,grp_b80de5a1c7,original,huggingface:samder03/Project1,,unverified,human_estimated,MIT,2026-08-12
dur_0518,build dcf valuation model in excel for AMMN,bangun model valuasi dcf di excel untuk AMMN,bangun model valuasi dcf di excel untuk AMMN,build dcf valuation model in excel for AMMN,6.0,1,6.0,6.0,360.0,10,need historical financials first,perlu data keuangan historis dulu,durasi>300menit,0,grp_d5357a2e47,original,huggingface:samder03/Project1,,unverified,human_estimated,MIT,2026-08-12
dur_0519,revise ER report valuation assumptions after mentor feedback,revisi asumsi valuasi laporan ER setelah masukan mentor,revisi asumsi valuasi laporan ER setelah masukan mentor,revise ER report valuation assumptions after mentor feedback,4.0,1,4.0,3.0,180.0,9,mentor questioned commodity price assumption,mentor mempertanyakan asumsi harga komoditas,,0,grp_9bee15ecc3,original,huggingface:samder03/Project1,,unverified,human_estimated,MIT,2026-08-12
dur_0520,compile full equity research report draft,susun draf lengkap laporan equity research,susun draf lengkap laporan equity research,compile full equity research report draft,5.0,1,5.0,8.0,480.0,10,combine all sections into one document,gabungkan semua bagian jadi satu dokumen,durasi>300menit,0,grp_b7200a4379,original,huggingface:samder03/Project1,,unverified,human_estimated,MIT,2026-08-12
dur_0521,proofread and polish final ER report,proofread dan poles laporan equity research final,proofread dan poles laporan equity research final,proofread and polish final ER report,2.0,1,2.0,3.0,180.0,9,,,,0,grp_d2b4b5d084,original,huggingface:samder03/Project1,,unverified,human_estimated,MIT,2026-08-12
dur_0522,write concept paper for RiceMate competition,tulis concept paper untuk kompetisi RiceMate,tulis concept paper untuk kompetisi RiceMate,write concept paper for RiceMate competition,14.0,1,14.0,6.0,360.0,9,reframing from disease detection to economic risk,reposisi dari deteksi penyakit ke risiko ekonomi,durasi>300menit,0,grp_85adce6b17,original,huggingface:samder03/Project1,,unverified,human_estimated,MIT,2026-08-12
dur_0523,write related work section comparing to Zulkifli 2021 and Agustian 2026,tulis bagian penelitian terkait dibanding Zulkifli 2021 dan Agustian 2026,tulis bagian penelitian terkait dibanding Zulkifli 2021 dan Agustian 2026,write related work section comparing to Zulkifli 2021 and Agustian 2026,9.0,1,9.0,4.0,240.0,8,gap analysis,analisis kesenjangan riset,,0,grp_92206183da,original,huggingface:samder03/Project1,,unverified,human_estimated,MIT,2026-08-12
dur_0524,draft technical architecture section for RiceMate proposal,tulis bagian arsitektur teknis proposal RiceMate,tulis bagian arsitektur teknis proposal RiceMate,draft technical architecture section for RiceMate proposal,7.0,1,7.0,5.0,300.0,8,ViT plus LSTM plus whatsapp integration,ViT plus LSTM plus integrasi whatsapp,,0,grp_38fbee5817,original,huggingface:samder03/Project1,,unverified,human_estimated,MIT,2026-08-12
dur_0525,write full research proposal draft,tulis draf lengkap proposal penelitian,tulis draf lengkap proposal penelitian,write full research proposal draft,12.0,1,12.0,10.0,600.0,9,,,durasi>300menit,0,grp_79417ee44e,original,huggingface:samder03/Project1,,unverified,human_estimated,MIT,2026-08-12
dur_0526,revise research proposal after supervisor feedback,revisi proposal penelitian setelah masukan dosen pembimbing,revisi proposal penelitian setelah masukan dosen pembimbing,revise research proposal after supervisor feedback,4.0,1,4.0,4.0,240.0,8,scope needs to be narrowed,cakupan perlu dipersempit,,0,grp_2bd4f42d4d,original,huggingface:samder03/Project1,,unverified,human_estimated,MIT,2026-08-12
dur_0527,write literature review for research proposal,tulis tinjauan pustaka untuk proposal penelitian,tulis tinjauan pustaka untuk proposal penelitian,write literature review for research proposal,10.0,1,10.0,7.0,420.0,8,,,durasi>300menit,0,grp_f791a46c36,original,huggingface:samder03/Project1,,unverified,human_estimated,MIT,2026-08-12
dur_0528,prepare and rehearse proposal defense presentation,siapkan dan latihan presentasi sidang proposal,siapkan dan latihan presentasi sidang proposal,prepare and rehearse proposal defense presentation,6.0,1,6.0,5.0,300.0,9,,,,0,grp_00bcfb8ef6,original,huggingface:samder03/Project1,,unverified,human_estimated,MIT,2026-08-12
dur_0529,write full lab report from raw data to conclusion,tulis laporan praktikum lengkap dari data mentah hingga kesimpulan,tulis laporan praktikum lengkap dari data mentah hingga kesimpulan,write full lab report from raw data to conclusion,4.0,1,4.0,8.0,480.0,8,,,durasi>300menit,0,grp_74ea8d4f47,original,huggingface:samder03/Project1,,unverified,human_estimated,MIT,2026-08-12
dur_0530,revise lab report after TA feedback,revisi laporan praktikum setelah masukan asisten dosen,revisi laporan praktikum setelah masukan asisten dosen,revise lab report after TA feedback,2.0,1,2.0,3.0,180.0,7,calculation errors flagged,ditemukan kesalahan perhitungan,,0,grp_c5c42710ab,original,huggingface:samder03/Project1,,unverified,human_estimated,MIT,2026-08-12
dur_0531,write final exam essay answers for open book exam,tulis jawaban esai ujian akhir open book,tulis jawaban esai ujian akhir open book,write final exam essay answers for open book exam,0.0,1,0.0,4.0,240.0,10,three long essay questions,tiga soal esai panjang,,0,grp_05a9fa63e6,original,huggingface:samder03/Project1,,unverified,human_estimated,MIT,2026-08-12
dur_0532,write and revise conference paper for submission,tulis dan revisi paper konferensi untuk submisi,tulis dan revisi paper konferensi untuk submisi,write and revise conference paper for submission,15.0,1,15.0,12.0,720.0,9,,,durasi>600menit,0,grp_e2d683f13a,original,huggingface:samder03/Project1,,unverified,human_estimated,MIT,2026-08-12
dur_0533,revise paper after peer review comments,revisi paper setelah komentar peer review,revisi paper setelah komentar peer review,revise paper after peer review comments,7.0,1,7.0,6.0,360.0,9,reviewer 2 wants additional experiments,reviewer 2 minta eksperimen tambahan,durasi>300menit,0,grp_78298738fa,original,huggingface:samder03/Project1,,unverified,human_estimated,MIT,2026-08-12
dur_0534,write cover letter and response to reviewers document,tulis surat pengantar dan dokumen tanggapan ke reviewer,tulis surat pengantar dan dokumen tanggapan ke reviewer,write cover letter and response to reviewers document,3.0,1,3.0,3.0,180.0,8,,,,0,grp_07dc97574e,original,huggingface:samder03/Project1,,unverified,human_estimated,MIT,2026-08-12
dur_0535,prepare full slide deck for BEM program evaluation report,siapkan slide lengkap untuk laporan evaluasi program BEM,siapkan slide lengkap untuk laporan evaluasi program BEM,prepare full slide deck for BEM program evaluation report,5.0,1,5.0,5.0,300.0,7,,,,0,grp_c7e66764f7,original,huggingface:samder03/Project1,,unverified,human_estimated,MIT,2026-08-12
dur_0536,write annual report for RISTEK division,tulis laporan tahunan untuk divisi RISTEK,tulis laporan tahunan untuk divisi RISTEK,write annual report for RISTEK division,6.0,1,6.0,6.0,360.0,7,,,durasi>300menit,0,grp_745e0b57e3,original,huggingface:samder03/Project1,,unverified,human_estimated,MIT,2026-08-12
dur_0537,compile and write IKM UI activity report,susun dan tulis laporan kegiatan IKM UI,susun dan tulis laporan kegiatan IKM UI,compile and write IKM UI activity report,5.0,1,5.0,4.0,240.0,6,,,,0,grp_53d7bdd53b,original,huggingface:samder03/Project1,,unverified,human_estimated,MIT,2026-08-12
dur_0538,write grant proposal for research funding,tulis proposal hibah pendanaan riset,tulis proposal hibah pendanaan riset,write grant proposal for research funding,20.0,1,20.0,9.0,540.0,9,,,durasi>300menit,0,grp_1c92a0345f,original,huggingface:samder03/Project1,,unverified,human_estimated,MIT,2026-08-12
dur_0539,revise grant proposal budget justification section,revisi bagian justifikasi anggaran proposal hibah,revisi bagian justifikasi anggaran proposal hibah,revise grant proposal budget justification section,5.0,1,5.0,3.0,180.0,8,,,,0,grp_4f0ce2a3f2,original,huggingface:samder03/Project1,,unverified,human_estimated,MIT,2026-08-12
dur_0540,build and document machine learning pipeline for thesis experiments,bangun dan dokumentasikan pipeline machine learning untuk eksperimen skripsi,bangun dan dokumentasikan pipeline machine learning untuk eksperimen skripsi,build and document machine learning pipeline for thesis experiments,10.0,1,10.0,10.0,600.0,9,LSTM training pipeline,pipeline training LSTM,durasi>300menit,0,grp_b08257e25d,original,huggingface:samder03/Project1,,unverified,human_estimated,MIT,2026-08-12
dur_0541,run and analyze full experiment batch for thesis results chapter,jalankan dan analisis seluruh batch eksperimen untuk bab hasil skripsi,jalankan dan analisis seluruh batch eksperimen untuk bab hasil skripsi,run and analyze full experiment batch for thesis results chapter,7.0,1,7.0,8.0,480.0,9,,,durasi>300menit,0,grp_d5c8f5ae18,original,huggingface:samder03/Project1,,unverified,human_estimated,MIT,2026-08-12
dur_0542,write statistical analysis section of thesis,tulis bagian analisis statistik skripsi,tulis bagian analisis statistik skripsi,write statistical analysis section of thesis,6.0,1,6.0,5.0,300.0,8,,,,0,grp_39c3ed2231,original,huggingface:samder03/Project1,,unverified,human_estimated,MIT,2026-08-12
dur_0543,create all figures and tables for thesis results chapter,buat semua gambar dan tabel untuk bab hasil skripsi,buat semua gambar dan tabel untuk bab hasil skripsi,create all figures and tables for thesis results chapter,4.0,1,4.0,4.0,240.0,8,,,,0,grp_c15a8423cb,original,huggingface:samder03/Project1,,unverified,human_estimated,MIT,2026-08-12
dur_0544,translate thesis abstract to english,terjemahkan abstrak skripsi ke bahasa inggris,terjemahkan abstrak skripsi ke bahasa inggris,translate thesis abstract to english,3.0,1,3.0,1.5,90.0,7,,,,0,grp_7c39c44b8d,original,huggingface:samder03/Project1,,unverified,human_estimated,MIT,2026-08-12
dur_0545,compile complete bibliography for thesis using reference manager,susun daftar pustaka lengkap skripsi menggunakan reference manager,susun daftar pustaka lengkap skripsi menggunakan reference manager,compile complete bibliography for thesis using reference manager,4.0,1,4.0,3.0,180.0,7,over 80 references,lebih dari 80 referensi,,0,grp_3c5f41babb,original,huggingface:samder03/Project1,,unverified,human_estimated,MIT,2026-08-12
dur_0546,write acknowledgements and preface for thesis,tulis kata pengantar dan ucapan terima kasih skripsi,tulis kata pengantar dan ucapan terima kasih skripsi,write acknowledgements and preface for thesis,5.0,1,5.0,1.0,60.0,4,,,,0,grp_96ca629fb9,original,huggingface:samder03/Project1,,unverified,human_estimated,MIT,2026-08-12
dur_0547,prepare thesis revision summary for examiners,siapkan ringkasan revisi skripsi untuk penguji,siapkan ringkasan revisi skripsi untuk penguji,prepare thesis revision summary for examiners,3.0,1,3.0,2.0,120.0,8,,,,0,grp_2f8b912134,original,huggingface:samder03/Project1,,unverified,human_estimated,MIT,2026-08-12
dur_0548,finalize and submit thesis binding copy,selesaikan dan kumpulkan salinan skripsi untuk dijilid,selesaikan dan kumpulkan salinan skripsi untuk dijilid,finalize and submit thesis binding copy,2.0,1,2.0,2.0,120.0,9,,,,0,grp_4d819d9343,original,huggingface:samder03/Project1,,unverified,human_estimated,MIT,2026-08-12
