row_id,judul,deskripsi,langkah,kategori,language,sumber,judul_raw,langkah_raw,jumlah_langkah,langkah_pertama,quality_flag,ada_di_file_en,source_group_id,data_source,source_dataset,source_row_id,license,created_at,panjang_langkah_rata,english_source_row_ids,english_source_count,english_mapping_type
dec_id_0000,Baca catatan kuliah,review catatan dari kelas yang baru lewat,Buka catatan mata kuliah yang mau dibaca|Lihat judul-judulnya dan tandai 3 topik terpenting|Baca satu topik dulu sampai paham|Tulis bagian yang masih belum ngerti|Coba jelasin ulang pakai bahasa sendiri,Akademik,id,terjemahan,Baca catatan kuliah,Buka catatan mata kuliah yang mau dibaca|Lihat judul-judulnya dan tandai 3 topik terpenting|Baca satu topik dulu sampai paham|Tulis bagian yang masih belum ngerti|Coba jelasin ulang pakai bahasa sendiri,5,Buka catatan mata kuliah yang mau dibaca,,0,dgrp_fbe3e7c7,original,task_decomposition_en.csv (translated),,unknown (project-internal),2026-08-12,39.6,0,1,existing_indonesian_translation
dec_id_0001,Belajar buat ujian,siapin diri buat ujian yang mau datang,Buka silabus atau grup kelas dan tulis daftar topik yang bakal diujiin|Tandai topik yang paling nggak dikuasai|Belajar satu topik yang paling lemah dulu|Kerjain beberapa soal latihan|Cek yang salah dan catat,Akademik,id,terjemahan,Belajar buat ujian,Buka silabus atau grup kelas dan tulis daftar topik yang bakal diujiin|Tandai topik yang paling nggak dikuasai|Belajar satu topik yang paling lemah dulu|Kerjain beberapa soal latihan|Cek yang salah dan catat,5,Buka silabus atau grup kelas dan tulis daftar topik yang bakal diujiin,,0,dgrp_afece5af,original,task_decomposition_en.csv (translated),,unknown (project-internal),2026-08-12,40.6,1,1,existing_indonesian_translation
dec_id_0002,Belajar satu bab,pelajari satu bab dari buku,Buka bab yang mau dipelajari|Baca judul dan tujuan pembelajarannya|Baca satu subbab sambil catat poin utamanya|Jawab soal review di akhir bab|Tulis ringkasan 5 baris,Akademik,id,terjemahan,Belajar satu bab,Buka bab yang mau dipelajari|Baca judul dan tujuan pembelajarannya|Baca satu subbab sambil catat poin utamanya|Jawab soal review di akhir bab|Tulis ringkasan 5 baris,5,Buka bab yang mau dipelajari,kontaminasi_inggris:review,0,dgrp_de07b694,original,task_decomposition_en.csv (translated),,unknown (project-internal),2026-08-12,32.2,2,1,existing_indonesian_translation
dec_id_0003,Bikin flashcard,bikin kartu hafalan buat belajar,Buka catatan kuliah dan tandai 5 istilah pertama yang mau dihafal|Bikin 5 kartu dulu dari poin terpenting|Tambahin sampai semua poin kecover|Uji diri pakai kartunya|Pisahin yang masih salah buat diulang,Akademik,id,terjemahan,Bikin flashcard,Buka catatan kuliah dan tandai 5 istilah pertama yang mau dihafal|Bikin 5 kartu dulu dari poin terpenting|Tambahin sampai semua poin kecover|Uji diri pakai kartunya|Pisahin yang masih salah buat diulang,5,Buka catatan kuliah dan tandai 5 istilah pertama yang mau dihafal,,0,dgrp_bf3932dc,original,task_decomposition_en.csv (translated),,unknown (project-internal),2026-08-12,39.6,3,1,existing_indonesian_translation
dec_id_0004,Latihan soal matematika,ngerjain soal latihan matematika,Buka buku atau lembar soalnya|Kerjain 1 nomor yang paling gampang|Lanjut 4 nomor berikutnya|Cek jawaban pakai kunci|Ulang yang salah sambil lihat caranya,Akademik,id,terjemahan,Latihan soal matematika,Buka buku atau lembar soalnya|Kerjain 1 nomor yang paling gampang|Lanjut 4 nomor berikutnya|Cek jawaban pakai kunci|Ulang yang salah sambil lihat caranya,5,Buka buku atau lembar soalnya,,0,dgrp_a2355a96,original,task_decomposition_en.csv (translated),,unknown (project-internal),2026-08-12,29.8,4,1,existing_indonesian_translation
dec_id_0005,Latihan koding,latihan ngoding buat tugas atau skill,Buka editor dan file yang mau dikerjain|Jalanin kode yang udah ada dulu|Kerjain satu fungsi kecil|Tes hasilnya|Rapikan dan simpan,Akademik,id,terjemahan,Latihan koding,Buka editor dan file yang mau dikerjain|Jalanin kode yang udah ada dulu|Kerjain satu fungsi kecil|Tes hasilnya|Rapikan dan simpan,5,Buka editor dan file yang mau dikerjain,,0,dgrp_9c15d9dd,original,task_decomposition_en.csv (translated),,unknown (project-internal),2026-08-12,25.0,5,1,existing_indonesian_translation
dec_id_0006,Debug kode tugas,benerin kode yang error,Jalanin kodenya dan baca pesan errornya|Cari baris yang disebut di error|Coba perbaiki satu error dulu|Jalanin lagi buat cek|Ulangi sampai jalan,Akademik,id,terjemahan,Debug kode tugas,Jalanin kodenya dan baca pesan errornya|Cari baris yang disebut di error|Coba perbaiki satu error dulu|Jalanin lagi buat cek|Ulangi sampai jalan,5,Jalanin kodenya dan baca pesan errornya,,0,dgrp_1f6b453a,original,task_decomposition_en.csv (translated),,unknown (project-internal),2026-08-12,28.0,6,1,existing_indonesian_translation
dec_id_0007,Baca jurnal,baca jurnal atau paper buat referensi,Buka jurnalnya dan baca abstraknya|Baca kesimpulannya|Tandai bagian yang relevan sama topik kamu|Catat 3 poin penting|Simpan sitasinya,Akademik,id,terjemahan,Baca jurnal,Buka jurnalnya dan baca abstraknya|Baca kesimpulannya|Tandai bagian yang relevan sama topik kamu|Catat 3 poin penting|Simpan sitasinya,5,Buka jurnalnya dan baca abstraknya,,1,dgrp_6c02178b,original,task_decomposition_en.csv (translated),,unknown (project-internal),2026-08-12,26.0,"7,197",2,exact_existing_indonesian_pattern|existing_indonesian_translation
dec_id_0008,Cari referensi,nyari sumber buat tugas atau skripsi,Tulis kata kunci pencarian|Cari di Google Scholar atau repositori kampus|Simpan 3 sumber yang paling nyambung|Baca abstraknya satu-satu|Catat mana yang layak dipakai,Akademik,id,terjemahan,Cari referensi,Tulis kata kunci pencarian|Cari di Google Scholar atau repositori kampus|Simpan 3 sumber yang paling nyambung|Baca abstraknya satu-satu|Catat mana yang layak dipakai,5,Tulis kata kunci pencarian,,0,dgrp_707c962e,original,task_decomposition_en.csv (translated),,unknown (project-internal),2026-08-12,32.2,8,1,existing_indonesian_translation
dec_id_0009,Bikin daftar pustaka,nyusun daftar pustaka,Buka draf tulisan dan salin 3 sumber pertama yang udah dikutip ke dokumen baru|Cek format sitasi yang diminta|Tulis satu entri dulu sesuai format|Lanjutin sisanya|Urutin sesuai aturan,Akademik,id,terjemahan,Bikin daftar pustaka,Buka draf tulisan dan salin 3 sumber pertama yang udah dikutip ke dokumen baru|Cek format sitasi yang diminta|Tulis satu entri dulu sesuai format|Lanjutin sisanya|Urutin sesuai aturan,5,Buka draf tulisan dan salin 3 sumber pertama yang udah dikutip ke dokumen baru,,0,dgrp_0a100c33,original,task_decomposition_en.csv (translated),,unknown (project-internal),2026-08-12,35.8,9,1,existing_indonesian_translation
dec_id_0010,Nulis tinjauan pustaka,nulis bab tinjauan pustaka,Buka folder referensi dan salin 3 judul sumber pertama ke dokumen kerja|Kelompokin sumber per tema|Tulis 1 paragraf buat tema pertama|Lanjut tema berikutnya|Sambungin jadi satu alur,Akademik,id,terjemahan,Nulis tinjauan pustaka,Buka folder referensi dan salin 3 judul sumber pertama ke dokumen kerja|Kelompokin sumber per tema|Tulis 1 paragraf buat tema pertama|Lanjut tema berikutnya|Sambungin jadi satu alur,5,Buka folder referensi dan salin 3 judul sumber pertama ke dokumen kerja,,0,dgrp_69aa8a93,original,task_decomposition_en.csv (translated),,unknown (project-internal),2026-08-12,35.4,10,1,existing_indonesian_translation
dec_id_0011,Nentuin topik skripsi,milih topik buat skripsi,Tulis 3 bidang yang kamu minati|Cari tau topik apa yang lagi banyak dibahas|Cek ketersediaan data atau narasumber|Diskusiin sama dosen atau teman|Pilih satu dan tulis alasannya,Akademik,id,terjemahan,Nentuin topik skripsi,Tulis 3 bidang yang kamu minati|Cari tau topik apa yang lagi banyak dibahas|Cek ketersediaan data atau narasumber|Diskusiin sama dosen atau teman|Pilih satu dan tulis alasannya,5,Tulis 3 bidang yang kamu minati,,0,dgrp_8ed77887,original,task_decomposition_en.csv (translated),,unknown (project-internal),2026-08-12,34.4,11,1,existing_indonesian_translation
dec_id_0012,Siapin bimbingan,nyiapin bahan buat ketemu dosen pembimbing,Buka progres terakhir yang udah dikerjain|Tulis apa yang udah selesai|Tulis 3 pertanyaan yang mau ditanyain|Siapin file yang perlu ditunjukin|Konfirmasi jadwal ketemunya,Akademik,id,terjemahan,Siapin bimbingan,Buka progres terakhir yang udah dikerjain|Tulis apa yang udah selesai|Tulis 3 pertanyaan yang mau ditanyain|Siapin file yang perlu ditunjukin|Konfirmasi jadwal ketemunya,5,Buka progres terakhir yang udah dikerjain,,0,dgrp_8699b761,original,task_decomposition_en.csv (translated),,unknown (project-internal),2026-08-12,33.0,12,1,existing_indonesian_translation
dec_id_0013,Bikin rencana penelitian,nyusun rencana penelitian,Buka draf proposal dan tulis satu kalimat soal masalah utama yang mau kamu jawab|Tentuin metode yang mau dipakai|Bikin timeline kasar per bulan|Tulis alat atau data yang dibutuhin|Cek ulang kelayakannya,Akademik,id,terjemahan,Bikin rencana penelitian,Buka draf proposal dan tulis satu kalimat soal masalah utama yang mau kamu jawab|Tentuin metode yang mau dipakai|Bikin timeline kasar per bulan|Tulis alat atau data yang dibutuhin|Cek ulang kelayakannya,5,Buka draf proposal dan tulis satu kalimat soal masalah utama yang mau kamu jawab,,0,dgrp_78642515,original,task_decomposition_en.csv (translated),,unknown (project-internal),2026-08-12,39.6,13,1,existing_indonesian_translation
dec_id_0014,Nulis abstrak,nulis abstrak buat paper atau skripsi,Buka bagian pendahuluan dan kesimpulan|Tulis 1 kalimat soal masalahnya|Tulis 1 kalimat soal metodenya|Tulis 1 kalimat soal hasilnya|Rapikan jadi satu paragraf utuh,Akademik,id,terjemahan,Nulis abstrak,Buka bagian pendahuluan dan kesimpulan|Tulis 1 kalimat soal masalahnya|Tulis 1 kalimat soal metodenya|Tulis 1 kalimat soal hasilnya|Rapikan jadi satu paragraf utuh,5,Buka bagian pendahuluan dan kesimpulan,,0,dgrp_44c6bbf6,original,task_decomposition_en.csv (translated),,unknown (project-internal),2026-08-12,31.8,14,1,existing_indonesian_translation
dec_id_0015,Nulis pendahuluan,nulis bab pendahuluan,Buka dokumen dan tulis judul babnya|Tulis 3 poin kenapa topik ini penting|Kembangin poin pertama jadi paragraf|Lanjut poin kedua dan ketiga|Tambahin rumusan masalah dan tujuan,Akademik,id,terjemahan,Nulis pendahuluan,Buka dokumen dan tulis judul babnya|Tulis 3 poin kenapa topik ini penting|Kembangin poin pertama jadi paragraf|Lanjut poin kedua dan ketiga|Tambahin rumusan masalah dan tujuan,5,Buka dokumen dan tulis judul babnya,,0,dgrp_36edada1,original,task_decomposition_en.csv (translated),,unknown (project-internal),2026-08-12,34.2,15,1,existing_indonesian_translation
dec_id_0016,Nulis pembahasan,nulis bab pembahasan,Buka data hasil penelitian|Tulis temuan utamanya dulu|Hubungin temuan sama teori yang dipakai|Tulis keterbatasan penelitiannya|Rapikan alurnya,Akademik,id,terjemahan,Nulis pembahasan,Buka data hasil penelitian|Tulis temuan utamanya dulu|Hubungin temuan sama teori yang dipakai|Tulis keterbatasan penelitiannya|Rapikan alurnya,5,Buka data hasil penelitian,,0,dgrp_43e8ba5a,original,task_decomposition_en.csv (translated),,unknown (project-internal),2026-08-12,27.6,16,1,existing_indonesian_translation
dec_id_0017,Rapikan format tugas,benerin format sebelum dikumpulin,Baca ketentuan format yang diminta|Betulin margin dan ukuran font|Cek penomoran halaman dan judul|Cek daftar isi kalau ada|Simpan versi final,Akademik,id,terjemahan,Rapikan format tugas,Baca ketentuan format yang diminta|Betulin margin dan ukuran font|Cek penomoran halaman dan judul|Cek daftar isi kalau ada|Simpan versi final,5,Baca ketentuan format yang diminta,,0,dgrp_9edf50ee,original,task_decomposition_en.csv (translated),,unknown (project-internal),2026-08-12,27.4,17,1,existing_indonesian_translation
dec_id_0018,Kumpulin tugas,submit tugas ke portal atau dosen,Cek lagi file yang mau dikumpulin|Pastiin nama file sesuai ketentuan|Buka portal atau email tujuan|Upload dan cek berhasil masuk|Simpan bukti pengumpulannya,Akademik,id,terjemahan,Kumpulin tugas,Cek lagi file yang mau dikumpulin|Pastiin nama file sesuai ketentuan|Buka portal atau email tujuan|Upload dan cek berhasil masuk|Simpan bukti pengumpulannya,5,Cek lagi file yang mau dikumpulin,,0,dgrp_9b9d402a,original,task_decomposition_en.csv (translated),,unknown (project-internal),2026-08-12,30.4,18,1,existing_indonesian_translation
dec_id_0019,Kejar kelas yang bolong,nyusul materi kelas yang kelewat,Buka chat kelas dan kirim pesan ke satu teman buat minta catatan hari itu|Baca materi yang kelewat|Catat bagian yang bingung|Tanya teman atau dosen soal itu|Kerjain tugas yang menyertainya,Akademik,id,terjemahan,Kejar kelas yang bolong,Buka chat kelas dan kirim pesan ke satu teman buat minta catatan hari itu|Baca materi yang kelewat|Catat bagian yang bingung|Tanya teman atau dosen soal itu|Kerjain tugas yang menyertainya,5,Buka chat kelas dan kirim pesan ke satu teman buat minta catatan hari itu,,0,dgrp_bd3192ad,original,task_decomposition_en.csv (translated),,unknown (project-internal),2026-08-12,36.8,19,1,existing_indonesian_translation
dec_id_0020,Rapikan file kuliah,beresin file materi kuliah,Buat folder per mata kuliah|Pindahin file yang jelas kategorinya|Kasih nama file yang konsisten|Hapus file duplikat|Backup ke cloud,Akademik,id,terjemahan,Rapikan file kuliah,Buat folder per mata kuliah|Pindahin file yang jelas kategorinya|Kasih nama file yang konsisten|Hapus file duplikat|Backup ke cloud,5,Buat folder per mata kuliah,,0,dgrp_a07c7fb6,original,task_decomposition_en.csv (translated),,unknown (project-internal),2026-08-12,25.4,20,1,existing_indonesian_translation
dec_id_0021,Siapin tugas kelompok,nyiapin bagian buat tugas kelompok,Buka grup dan baca pembagian tugasnya|Kerjain bagian kamu aja dulu|Kirim hasilnya ke grup|Cek bagian teman kalau sempat|Bantu gabungin jadi satu file,Akademik,id,terjemahan,Siapin tugas kelompok,Buka grup dan baca pembagian tugasnya|Kerjain bagian kamu aja dulu|Kirim hasilnya ke grup|Cek bagian teman kalau sempat|Bantu gabungin jadi satu file,5,Buka grup dan baca pembagian tugasnya,,0,dgrp_3faa9482,original,task_decomposition_en.csv (translated),,unknown (project-internal),2026-08-12,29.0,21,1,existing_indonesian_translation
dec_id_0022,Latihan presentasi,latihan sebelum presentasi,Buka slide yang udah jadi|Baca isinya sekali sambil ngomong|Latihan sekali sambil diitung waktunya|Catat bagian yang kepanjangan|Latihan sekali lagi setelah dipangkas,Akademik,id,terjemahan,Latihan presentasi,Buka slide yang udah jadi|Baca isinya sekali sambil ngomong|Latihan sekali sambil diitung waktunya|Catat bagian yang kepanjangan|Latihan sekali lagi setelah dipangkas,5,Buka slide yang udah jadi,,0,dgrp_03a1061d,original,task_decomposition_en.csv (translated),,unknown (project-internal),2026-08-12,32.4,22,1,existing_indonesian_translation
dec_id_0023,Bikin jadwal belajar,nyusun jadwal belajar,Tulis materi apa aja yang perlu dipelajari|Cek deadline dan tanggal ujiannya|Bagi materi ke slot waktu per hari|Sisipin waktu istirahat|Tempel di tempat yang keliatan,Akademik,id,terjemahan,Bikin jadwal belajar,Tulis materi apa aja yang perlu dipelajari|Cek deadline dan tanggal ujiannya|Bagi materi ke slot waktu per hari|Sisipin waktu istirahat|Tempel di tempat yang keliatan,5,Tulis materi apa aja yang perlu dipelajari,,1,dgrp_a0593cfc,original,task_decomposition_en.csv (translated),,unknown (project-internal),2026-08-12,32.4,"23,222",2,exact_existing_indonesian_pattern|existing_indonesian_translation
dec_id_0024,Baca masukan dosen,baca dan tindak lanjuti feedback,Baca semua catatan revisi sekali dulu|Kelompokin mana yang mirip|Urutin dari yang paling gampang|Kerjain yang paling gampang dulu|Tandai yang udah dibenerin,Akademik,id,terjemahan,Baca masukan dosen,Baca semua catatan revisi sekali dulu|Kelompokin mana yang mirip|Urutin dari yang paling gampang|Kerjain yang paling gampang dulu|Tandai yang udah dibenerin,5,Baca semua catatan revisi sekali dulu,,0,dgrp_44b45227,original,task_decomposition_en.csv (translated),,unknown (project-internal),2026-08-12,30.4,24,1,existing_indonesian_translation
dec_id_0025,Rencanain kerjaan minggu ini,nyusun rencana kerja mingguan,Buka kalender dan lihat jadwal yang udah ada|Tulis semua kerjaan yang harus kelar minggu ini|Tandai mana yang paling mendesak|Taruh ke hari yang masuk akal|Sisain ruang buat hal tak terduga,Kerja,id,terjemahan,Rencanain kerjaan minggu ini,Buka kalender dan lihat jadwal yang udah ada|Tulis semua kerjaan yang harus kelar minggu ini|Tandai mana yang paling mendesak|Taruh ke hari yang masuk akal|Sisain ruang buat hal tak terduga,5,Buka kalender dan lihat jadwal yang udah ada,,0,dgrp_e02ac233,original,task_decomposition_en.csv (translated),,unknown (project-internal),2026-08-12,37.0,25,1,existing_indonesian_translation
dec_id_0026,Siapin rapat,nyiapin bahan sebelum rapat,Baca undangan dan agendanya|Tulis poin yang mau kamu sampaikan|Siapin data pendukung kalau perlu|Cek link atau ruangannya|Siapin catatan buat nulis hasil rapat,Kerja,id,terjemahan,Siapin rapat,Baca undangan dan agendanya|Tulis poin yang mau kamu sampaikan|Siapin data pendukung kalau perlu|Cek link atau ruangannya|Siapin catatan buat nulis hasil rapat,5,Baca undangan dan agendanya,,0,dgrp_fbf32209,original,task_decomposition_en.csv (translated),,unknown (project-internal),2026-08-12,31.0,26,1,existing_indonesian_translation
dec_id_0027,Nulis notulen rapat,nulis catatan hasil rapat,Buka catatan mentah yang tadi ditulis|Rapikan jadi poin-poin keputusan|Tulis siapa ngerjain apa|Tulis tenggat tiap poin|Kirim ke peserta rapat,Kerja,id,terjemahan,Nulis notulen rapat,Buka catatan mentah yang tadi ditulis|Rapikan jadi poin-poin keputusan|Tulis siapa ngerjain apa|Tulis tenggat tiap poin|Kirim ke peserta rapat,5,Buka catatan mentah yang tadi ditulis,,0,dgrp_eed05dc0,original,task_decomposition_en.csv (translated),,unknown (project-internal),2026-08-12,27.6,27,1,existing_indonesian_translation
dec_id_0028,Tindak lanjut rapat,ngerjain hasil keputusan rapat,Buka notulen rapatnya|Tandai bagian yang jadi tugas kamu|Kerjain yang paling cepat dulu|Kabarin progres ke tim|Jadwalin sisanya,Kerja,id,terjemahan,Tindak lanjut rapat,Buka notulen rapatnya|Tandai bagian yang jadi tugas kamu|Kerjain yang paling cepat dulu|Kabarin progres ke tim|Jadwalin sisanya,5,Buka notulen rapatnya,,0,dgrp_c1469aaa,original,task_decomposition_en.csv (translated),,unknown (project-internal),2026-08-12,24.6,28,1,existing_indonesian_translation
dec_id_0029,Beresin inbox email,balas email yang numpuk,Buka inbox dan urutin dari yang terbaru|Balas 3 yang paling penting dulu|Arsipkan yang nggak perlu dibalas|Tandai yang butuh waktu lama|Kosongin sisanya pelan-pelan,Kerja,id,terjemahan,Beresin inbox email,Buka inbox dan urutin dari yang terbaru|Balas 3 yang paling penting dulu|Arsipkan yang nggak perlu dibalas|Tandai yang butuh waktu lama|Kosongin sisanya pelan-pelan,5,Buka inbox dan urutin dari yang terbaru,,0,dgrp_26b174b7,original,task_decomposition_en.csv (translated),,unknown (project-internal),2026-08-12,32.0,29,1,existing_indonesian_translation
dec_id_0030,Nulis email kerja,nulis email profesional,Tulis tujuan emailnya dalam 1 kalimat|Tulis isi utamanya|Tambahin salam pembuka dan penutup|Cek ejaan dan nama penerima|Kirim,Kerja,id,terjemahan,Nulis email kerja,Tulis tujuan emailnya dalam 1 kalimat|Tulis isi utamanya|Tambahin salam pembuka dan penutup|Cek ejaan dan nama penerima|Kirim,5,Tulis tujuan emailnya dalam 1 kalimat,langkah_kosong_atau_terlalu_pendek,0,dgrp_2292df82,original,task_decomposition_en.csv (translated),,unknown (project-internal),2026-08-12,24.2,30,1,existing_indonesian_translation
dec_id_0031,Bikin rencana proyek,nyusun rencana proyek,Buka dokumen proyek dan tulis satu kalimat soal hasil akhir yang mau dicapai|Pecah jadi 3-5 tahapan besar|Tulis siapa ngerjain tahapan mana|Kasih perkiraan waktu tiap tahap|Tulis risiko yang mungkin muncul,Kerja,id,terjemahan,Bikin rencana proyek,Buka dokumen proyek dan tulis satu kalimat soal hasil akhir yang mau dicapai|Pecah jadi 3-5 tahapan besar|Tulis siapa ngerjain tahapan mana|Kasih perkiraan waktu tiap tahap|Tulis risiko yang mungkin muncul,5,Buka dokumen proyek dan tulis satu kalimat soal hasil akhir yang mau dicapai,,0,dgrp_78642515,original,task_decomposition_en.csv (translated),,unknown (project-internal),2026-08-12,40.2,31,1,existing_indonesian_translation
dec_id_0032,Pantau progres proyek,ngecek sejauh mana proyek jalan,Buka rencana proyek yang udah dibuat|Tandai mana yang udah selesai|Catat mana yang telat dan kenapa|Sesuaikan jadwal sisanya|Kabarin tim,Kerja,id,terjemahan,Pantau progres proyek,Buka rencana proyek yang udah dibuat|Tandai mana yang udah selesai|Catat mana yang telat dan kenapa|Sesuaikan jadwal sisanya|Kabarin tim,5,Buka rencana proyek yang udah dibuat,,0,dgrp_2f40cc43,original,task_decomposition_en.csv (translated),,unknown (project-internal),2026-08-12,26.4,32,1,existing_indonesian_translation
dec_id_0033,Bikin laporan status,nulis laporan progres,Buka file progres terakhir dan salin angka atau status paling baru ke draf laporan|Tulis apa yang udah selesai|Tulis kendala yang ada|Tulis rencana berikutnya|Rapikan dan kirim,Kerja,id,terjemahan,Bikin laporan status,Buka file progres terakhir dan salin angka atau status paling baru ke draf laporan|Tulis apa yang udah selesai|Tulis kendala yang ada|Tulis rencana berikutnya|Rapikan dan kirim,5,Buka file progres terakhir dan salin angka atau status paling baru ke draf laporan,,0,dgrp_86847577,original,task_decomposition_en.csv (translated),,unknown (project-internal),2026-08-12,34.4,33,1,existing_indonesian_translation
dec_id_0034,Review draf kontrak,baca dan periksa draf kontrak,Baca sekali dari awal tanpa nyatet|Baca ulang sambil tandai yang janggal|Catat pertanyaan atau keberatan|Konsultasi kalau ada yang nggak jelas|Kirim balik dengan catatan,Kerja,id,terjemahan,Review draf kontrak,Baca sekali dari awal tanpa nyatet|Baca ulang sambil tandai yang janggal|Catat pertanyaan atau keberatan|Konsultasi kalau ada yang nggak jelas|Kirim balik dengan catatan,5,Baca sekali dari awal tanpa nyatet,kontaminasi_inggris:review,0,dgrp_021ad4c2,original,task_decomposition_en.csv (translated),,unknown (project-internal),2026-08-12,33.0,34,1,existing_indonesian_translation
dec_id_0035,Bikin presentasi,nyiapin slide presentasi,Buka slide kosong dan tulis judul buat 3 slide pertama|Bikin slide judul dan penutup dulu|Isi slide isi satu per satu|Tambahin gambar atau grafik secukupnya|Cek typo dan rapikan font,Kerja,id,terjemahan,Bikin presentasi,Buka slide kosong dan tulis judul buat 3 slide pertama|Bikin slide judul dan penutup dulu|Isi slide isi satu per satu|Tambahin gambar atau grafik secukupnya|Cek typo dan rapikan font,5,Buka slide kosong dan tulis judul buat 3 slide pertama,,0,dgrp_ce50a4fd,original,task_decomposition_en.csv (translated),,unknown (project-internal),2026-08-12,35.6,35,1,existing_indonesian_translation
dec_id_0036,Siapin wawancara kerja,nyiapin diri buat interview,Baca lagi deskripsi pekerjaannya|Cari tau soal perusahaannya|Siapin jawaban buat 5 pertanyaan umum|Siapin pertanyaan buat pewawancara|Siapin baju dan dokumen,Kerja,id,terjemahan,Siapin wawancara kerja,Baca lagi deskripsi pekerjaannya|Cari tau soal perusahaannya|Siapin jawaban buat 5 pertanyaan umum|Siapin pertanyaan buat pewawancara|Siapin baju dan dokumen,5,Baca lagi deskripsi pekerjaannya,,0,dgrp_ea2a298a,original,task_decomposition_en.csv (translated),,unknown (project-internal),2026-08-12,30.6,36,1,existing_indonesian_translation
dec_id_0037,Update portofolio,perbarui portofolio kerja,Buka portofolio yang lama|Pilih 3 karya terbaru yang mau ditambahin|Tulis deskripsi singkat tiap karya|Hapus yang udah nggak relevan|Cek tampilannya di HP,Kerja,id,terjemahan,Update portofolio,Buka portofolio yang lama|Pilih 3 karya terbaru yang mau ditambahin|Tulis deskripsi singkat tiap karya|Hapus yang udah nggak relevan|Cek tampilannya di HP,5,Buka portofolio yang lama,,0,dgrp_82885d40,original,task_decomposition_en.csv (translated),,unknown (project-internal),2026-08-12,30.0,37,1,existing_indonesian_translation
dec_id_0038,Update CV,perbarui CV,Buka CV yang lama|Tambahin pengalaman terbaru|Hapus yang udah nggak relevan|Sesuaikan sama posisi yang dituju|Cek typo dan format,Kerja,id,terjemahan,Update CV,Buka CV yang lama|Tambahin pengalaman terbaru|Hapus yang udah nggak relevan|Sesuaikan sama posisi yang dituju|Cek typo dan format,5,Buka CV yang lama,,0,dgrp_b1adf981,original,task_decomposition_en.csv (translated),,unknown (project-internal),2026-08-12,25.0,38,1,existing_indonesian_translation
dec_id_0039,Lamar kerja,ngirim lamaran pekerjaan,Baca lagi syarat lowongannya|Sesuaikan CV sama posisi itu|Tulis surat lamaran singkat|Siapin dokumen pendukung|Kirim dan catat tanggalnya,Kerja,id,terjemahan,Lamar kerja,Baca lagi syarat lowongannya|Sesuaikan CV sama posisi itu|Tulis surat lamaran singkat|Siapin dokumen pendukung|Kirim dan catat tanggalnya,5,Baca lagi syarat lowongannya,,0,dgrp_10f377df,original,task_decomposition_en.csv (translated),,unknown (project-internal),2026-08-12,26.6,39,1,existing_indonesian_translation
dec_id_0040,Bikin laporan,nyusun laporan kerja,Buka folder kerja dan salin file data paling baru ke satu folder laporan|Bikin kerangka laporannya|Isi bagian data dan analisis|Tulis kesimpulan dan saran|Rapikan format dan kirim,Kerja,id,terjemahan,Bikin laporan,Buka folder kerja dan salin file data paling baru ke satu folder laporan|Bikin kerangka laporannya|Isi bagian data dan analisis|Tulis kesimpulan dan saran|Rapikan format dan kirim,5,Buka folder kerja dan salin file data paling baru ke satu folder laporan,,0,dgrp_86847577,original,task_decomposition_en.csv (translated),,unknown (project-internal),2026-08-12,35.0,40,1,existing_indonesian_translation
dec_id_0041,Rapikan spreadsheet,beresin data di spreadsheet,Buka file dan lihat kolom apa aja yang ada|Hapus baris kosong atau dobel|Samain format tanggal dan angka|Kasih nama kolom yang jelas|Simpan versi bersihnya,Kerja,id,terjemahan,Rapikan spreadsheet,Buka file dan lihat kolom apa aja yang ada|Hapus baris kosong atau dobel|Samain format tanggal dan angka|Kasih nama kolom yang jelas|Simpan versi bersihnya,5,Buka file dan lihat kolom apa aja yang ada,,0,dgrp_c3ef00c8,original,task_decomposition_en.csv (translated),,unknown (project-internal),2026-08-12,30.2,41,1,existing_indonesian_translation
dec_id_0042,Analisis spreadsheet,nganalisis data di spreadsheet,"Buka spreadsheet dan cek baris 1 sampai 10, tandai yang kosong atau salah format|Tentuin pertanyaan yang mau dijawab|Bikin tabel ringkasan|Bikin 1 grafik yang paling relevan|Tulis 3 temuan utama",Kerja,id,terjemahan,Analisis spreadsheet,"Buka spreadsheet dan cek baris 1 sampai 10, tandai yang kosong atau salah format|Tentuin pertanyaan yang mau dijawab|Bikin tabel ringkasan|Bikin 1 grafik yang paling relevan|Tulis 3 temuan utama",5,"Buka spreadsheet dan cek baris 1 sampai 10, tandai yang kosong atau salah format",,0,dgrp_7e5ad2dc,original,task_decomposition_en.csv (translated),,unknown (project-internal),2026-08-12,38.0,42,1,existing_indonesian_translation
dec_id_0043,Siapin workshop,nyiapin materi workshop atau pelatihan,Buka dokumen workshop dan tulis siapa target pesertanya|Bikin outline materi|Siapin slide atau bahan praktik|Siapin contoh atau studi kasus|Cek alat dan ruangannya,Kerja,id,terjemahan,Siapin workshop,Buka dokumen workshop dan tulis siapa target pesertanya|Bikin outline materi|Siapin slide atau bahan praktik|Siapin contoh atau studi kasus|Cek alat dan ruangannya,5,Buka dokumen workshop dan tulis siapa target pesertanya,,0,dgrp_32eacaf7,original,task_decomposition_en.csv (translated),,unknown (project-internal),2026-08-12,31.8,43,1,existing_indonesian_translation
dec_id_0044,Delegasikan tugas,nyerahin tugas ke orang lain,Buka daftar tugas dan tandai satu tugas yang paling gampang dikerjain orang lain|Tentuin siapa yang paling cocok|Tulis instruksi dan hasil yang diharapkan|Sampaikan langsung atau lewat pesan|Sepakati tenggatnya,Kerja,id,terjemahan,Delegasikan tugas,Buka daftar tugas dan tandai satu tugas yang paling gampang dikerjain orang lain|Tentuin siapa yang paling cocok|Tulis instruksi dan hasil yang diharapkan|Sampaikan langsung atau lewat pesan|Sepakati tenggatnya,5,Buka daftar tugas dan tandai satu tugas yang paling gampang dikerjain orang lain,,0,dgrp_ec21819f,original,task_decomposition_en.csv (translated),,unknown (project-internal),2026-08-12,41.2,44,1,existing_indonesian_translation
dec_id_0045,Review kerjaan tim,ngecek hasil kerja anggota tim,Buka hasil kerjaan yang mau direview|Baca sekali tanpa ngasih komentar|Tandai yang bagus dan yang perlu diperbaiki|Tulis masukan yang spesifik|Kirim balik,Kerja,id,terjemahan,Review kerjaan tim,Buka hasil kerjaan yang mau direview|Baca sekali tanpa ngasih komentar|Tandai yang bagus dan yang perlu diperbaiki|Tulis masukan yang spesifik|Kirim balik,5,Buka hasil kerjaan yang mau direview,kontaminasi_inggris:review,0,dgrp_c1ec846a,original,task_decomposition_en.csv (translated),,unknown (project-internal),2026-08-12,30.0,45,1,existing_indonesian_translation
dec_id_0046,Rencanain kerjaan hari ini,nyusun rencana kerja harian,Lihat kalender hari ini|Tulis 3 hal terpenting yang harus kelar|Urutin sesuai jam produktif kamu|Sisipin waktu istirahat|Mulai dari yang pertama,Kerja,id,terjemahan,Rencanain kerjaan hari ini,Lihat kalender hari ini|Tulis 3 hal terpenting yang harus kelar|Urutin sesuai jam produktif kamu|Sisipin waktu istirahat|Mulai dari yang pertama,5,Lihat kalender hari ini,,0,dgrp_e02ac233,original,task_decomposition_en.csv (translated),,unknown (project-internal),2026-08-12,28.0,46,1,existing_indonesian_translation
dec_id_0047,Siapin telepon klien,nyiapin diri sebelum telepon klien,Baca riwayat komunikasi terakhir|Tulis tujuan teleponnya|Siapin 3 poin yang mau dibahas|Siapin jawaban buat pertanyaan yang mungkin muncul|Cek nomor dan jamnya,Kerja,id,terjemahan,Siapin telepon klien,Baca riwayat komunikasi terakhir|Tulis tujuan teleponnya|Siapin 3 poin yang mau dibahas|Siapin jawaban buat pertanyaan yang mungkin muncul|Cek nomor dan jamnya,5,Baca riwayat komunikasi terakhir,,0,dgrp_19449c16,original,task_decomposition_en.csv (translated),,unknown (project-internal),2026-08-12,31.0,47,1,existing_indonesian_translation
dec_id_0048,Nulis proposal,nyusun proposal,Buka dokumen proposal dan tulis satu kalimat soal masalah yang melatarbelakangi idemu|Tulis solusi yang ditawarkan|Rincian anggaran atau timeline|Tulis manfaat buat penerima proposal|Rapikan format dan cek ulang,Kerja,id,terjemahan,Nulis proposal,Buka dokumen proposal dan tulis satu kalimat soal masalah yang melatarbelakangi idemu|Tulis solusi yang ditawarkan|Rincian anggaran atau timeline|Tulis manfaat buat penerima proposal|Rapikan format dan cek ulang,5,Buka dokumen proposal dan tulis satu kalimat soal masalah yang melatarbelakangi idemu,,0,dgrp_0f36a3ff,original,task_decomposition_en.csv (translated),,unknown (project-internal),2026-08-12,41.4,48,1,existing_indonesian_translation
dec_id_0049,Rapikan file kerja,beresin file pekerjaan,Buat folder per proyek|Pindahin file yang jelas kategorinya|Kasih nama file yang konsisten|Hapus draf lama yang nggak kepakai|Backup ke cloud,Kerja,id,terjemahan,Rapikan file kerja,Buat folder per proyek|Pindahin file yang jelas kategorinya|Kasih nama file yang konsisten|Hapus draf lama yang nggak kepakai|Backup ke cloud,5,Buat folder per proyek,,0,dgrp_a07c7fb6,original,task_decomposition_en.csv (translated),,unknown (project-internal),2026-08-12,27.4,49,1,existing_indonesian_translation
dec_id_0050,Beresin kamar,kamar udah berantakan,Kumpulin baju kotor ke keranjang|Kumpulin sampah yang keliatan|Kembaliin barang ke tempatnya|Rapikan satu permukaan dulu misalnya meja|Sapu atau pel lantainya,Rumah,id,terjemahan,Beresin kamar,Kumpulin baju kotor ke keranjang|Kumpulin sampah yang keliatan|Kembaliin barang ke tempatnya|Rapikan satu permukaan dulu misalnya meja|Sapu atau pel lantainya,5,Kumpulin baju kotor ke keranjang,,1,dgrp_1bad4375,original,task_decomposition_en.csv (translated),,unknown (project-internal),2026-08-12,30.8,"50,212",2,exact_existing_indonesian_pattern|existing_indonesian_translation
dec_id_0051,Beresin meja,meja kerja atau belajar berantakan,Singkirin barang yang bukan tempatnya|Buang kertas atau sampah|Lap permukaan mejanya|Tata ulang barang yang sering dipakai|Rapikan kabel kalau ada,Rumah,id,terjemahan,Beresin meja,Singkirin barang yang bukan tempatnya|Buang kertas atau sampah|Lap permukaan mejanya|Tata ulang barang yang sering dipakai|Rapikan kabel kalau ada,5,Singkirin barang yang bukan tempatnya,,0,dgrp_5afc13f2,original,task_decomposition_en.csv (translated),,unknown (project-internal),2026-08-12,28.4,51,1,existing_indonesian_translation
dec_id_0052,Cuci baju,nyuci baju yang numpuk,Pisahin baju putih dan berwarna|Masukin ke mesin cuci sesuai takaran|Jemur setelah selesai|Angkat kalau udah kering|Lipat atau gantung,Rumah,id,terjemahan,Cuci baju,Pisahin baju putih dan berwarna|Masukin ke mesin cuci sesuai takaran|Jemur setelah selesai|Angkat kalau udah kering|Lipat atau gantung,5,Pisahin baju putih dan berwarna,,1,dgrp_ca9b0a20,original,task_decomposition_en.csv (translated),,unknown (project-internal),2026-08-12,26.0,"52,213",2,exact_existing_indonesian_pattern|existing_indonesian_translation
dec_id_0053,Lipat baju,ngelipetin baju yang udah kering,Ambil baju dari jemuran|Pisahin per jenis atau per orang|Lipat satu tumpukan dulu|Masukin ke lemari|Gantung yang perlu digantung,Rumah,id,terjemahan,Lipat baju,Ambil baju dari jemuran|Pisahin per jenis atau per orang|Lipat satu tumpukan dulu|Masukin ke lemari|Gantung yang perlu digantung,5,Ambil baju dari jemuran,,0,dgrp_3a537c63,original,task_decomposition_en.csv (translated),,unknown (project-internal),2026-08-12,24.8,53,1,existing_indonesian_translation
dec_id_0054,Cuci piring,nyuci piring kotor,Kumpulin piring kotor ke wastafel|Buang sisa makanan ke tempat sampah|Cuci gelas dan piring dulu|Cuci panci dan wajan terakhir|Lap dan tata di rak,Rumah,id,terjemahan,Cuci piring,Kumpulin piring kotor ke wastafel|Buang sisa makanan ke tempat sampah|Cuci gelas dan piring dulu|Cuci panci dan wajan terakhir|Lap dan tata di rak,5,Kumpulin piring kotor ke wastafel,,0,dgrp_f7fb904b,original,task_decomposition_en.csv (translated),,unknown (project-internal),2026-08-12,28.4,54,1,existing_indonesian_translation
dec_id_0055,Beresin dapur,bersihin dapur,Cuci piring yang masih numpuk|Lap meja dan kompor|Buang sampah dapur|Rapikan bahan makanan ke tempatnya|Sapu lantainya,Rumah,id,terjemahan,Beresin dapur,Cuci piring yang masih numpuk|Lap meja dan kompor|Buang sampah dapur|Rapikan bahan makanan ke tempatnya|Sapu lantainya,5,Cuci piring yang masih numpuk,,0,dgrp_e21e6f86,original,task_decomposition_en.csv (translated),,unknown (project-internal),2026-08-12,22.8,55,1,existing_indonesian_translation
dec_id_0056,Bersihin kamar mandi,bersihin kamar mandi,Singkirin barang dari lantai|Siram dan sikat kloset|Sikat lantai dan dinding bawah|Bersihin wastafel dan cermin|Ganti handuk dan isi ulang sabun,Rumah,id,terjemahan,Bersihin kamar mandi,Singkirin barang dari lantai|Siram dan sikat kloset|Sikat lantai dan dinding bawah|Bersihin wastafel dan cermin|Ganti handuk dan isi ulang sabun,5,Singkirin barang dari lantai,,0,dgrp_29fef0ea,original,task_decomposition_en.csv (translated),,unknown (project-internal),2026-08-12,28.0,56,1,existing_indonesian_translation
dec_id_0057,Buang sampah,buang sampah yang numpuk,Kumpulin sampah dari tiap ruangan|Ikat kantongnya|Bawa ke tempat pembuangan|Pasang kantong baru di tempat sampah|Cuci tangan,Rumah,id,terjemahan,Buang sampah,Kumpulin sampah dari tiap ruangan|Ikat kantongnya|Bawa ke tempat pembuangan|Pasang kantong baru di tempat sampah|Cuci tangan,5,Kumpulin sampah dari tiap ruangan,,0,dgrp_04be4304,original,task_decomposition_en.csv (translated),,unknown (project-internal),2026-08-12,24.0,57,1,existing_indonesian_translation
dec_id_0058,Belanja bulanan,belanja kebutuhan bulanan,Cek stok yang habis di rumah|Tulis daftar belanja|Cek budget yang tersedia|Belanja sesuai daftar|Rapikan barang setelah sampai rumah,Rumah,id,terjemahan,Belanja bulanan,Cek stok yang habis di rumah|Tulis daftar belanja|Cek budget yang tersedia|Belanja sesuai daftar|Rapikan barang setelah sampai rumah,5,Cek stok yang habis di rumah,,1,dgrp_0da48a1a,original,task_decomposition_en.csv (translated),,unknown (project-internal),2026-08-12,25.6,"58,215",2,exact_existing_indonesian_pattern|existing_indonesian_translation
dec_id_0059,Siapin bekal seminggu,masak buat stok beberapa hari,Tentuin menu buat beberapa hari|Tulis bahan yang perlu dibeli|Belanja bahannya|Masak dalam jumlah besar sekaligus|Bagi ke wadah dan simpan di kulkas,Rumah,id,terjemahan,Siapin bekal seminggu,Tentuin menu buat beberapa hari|Tulis bahan yang perlu dibeli|Belanja bahannya|Masak dalam jumlah besar sekaligus|Bagi ke wadah dan simpan di kulkas,5,Tentuin menu buat beberapa hari,,0,dgrp_94c2d799,original,task_decomposition_en.csv (translated),,unknown (project-internal),2026-08-12,28.8,59,1,existing_indonesian_translation
dec_id_0060,Masak makan malam,masak buat makan malam,Cek bahan yang ada di kulkas|Pilih menu yang bahannya lengkap|Siapin bahan dan alatnya|Masak sesuai urutan|Beresin dapur setelah selesai,Rumah,id,terjemahan,Masak makan malam,Cek bahan yang ada di kulkas|Pilih menu yang bahannya lengkap|Siapin bahan dan alatnya|Masak sesuai urutan|Beresin dapur setelah selesai,5,Cek bahan yang ada di kulkas,,0,dgrp_fe78d936,original,task_decomposition_en.csv (translated),,unknown (project-internal),2026-08-12,26.4,60,1,existing_indonesian_translation
dec_id_0061,Rencanain menu,nyusun menu makan,Cek bahan yang masih ada|Tulis menu buat beberapa hari ke depan|Cek bahan apa yang kurang|Tulis daftar belanjanya|Tempel di kulkas,Rumah,id,terjemahan,Rencanain menu,Cek bahan yang masih ada|Tulis menu buat beberapa hari ke depan|Cek bahan apa yang kurang|Tulis daftar belanjanya|Tempel di kulkas,5,Cek bahan yang masih ada,,0,dgrp_d8cf25c0,original,task_decomposition_en.csv (translated),,unknown (project-internal),2026-08-12,25.2,61,1,existing_indonesian_translation
dec_id_0062,Rapikan lemari,beresin lemari baju,Keluarin semua baju dari satu rak dulu|Pisahin yang masih dipakai dan yang nggak|Masukin lagi yang dipakai dengan rapi|Sisihin yang mau disumbangkan|Lanjut ke rak berikutnya,Rumah,id,terjemahan,Rapikan lemari,Keluarin semua baju dari satu rak dulu|Pisahin yang masih dipakai dan yang nggak|Masukin lagi yang dipakai dengan rapi|Sisihin yang mau disumbangkan|Lanjut ke rak berikutnya,5,Keluarin semua baju dari satu rak dulu,,0,dgrp_e4840411,original,task_decomposition_en.csv (translated),,unknown (project-internal),2026-08-12,33.8,62,1,existing_indonesian_translation
dec_id_0063,Ganti sprei,ganti sprei dan sarung bantal,Lepas sprei dan sarung bantal yang lama|Masukin ke keranjang cucian|Pasang sprei yang bersih|Pasang sarung bantal dan guling|Rapikan selimut,Rumah,id,terjemahan,Ganti sprei,Lepas sprei dan sarung bantal yang lama|Masukin ke keranjang cucian|Pasang sprei yang bersih|Pasang sarung bantal dan guling|Rapikan selimut,5,Lepas sprei dan sarung bantal yang lama,,0,dgrp_b4d14552,original,task_decomposition_en.csv (translated),,unknown (project-internal),2026-08-12,27.2,63,1,existing_indonesian_translation
dec_id_0064,Siram tanaman,nyiram tanaman di rumah,Cek tanaman mana yang kering|Isi air ke penyiram|Siram satu-satu secukupnya|Buang daun yang kering|Geser yang butuh sinar matahari,Rumah,id,terjemahan,Siram tanaman,Cek tanaman mana yang kering|Isi air ke penyiram|Siram satu-satu secukupnya|Buang daun yang kering|Geser yang butuh sinar matahari,5,Cek tanaman mana yang kering,,0,dgrp_833bf355,original,task_decomposition_en.csv (translated),,unknown (project-internal),2026-08-12,25.2,64,1,existing_indonesian_translation
dec_id_0065,Bersihin kulkas,bersihin isi kulkas,Keluarin makanan yang udah basi|Keluarin isi satu rak dulu|Lap raknya|Masukin lagi dan tata per jenis|Lanjut ke rak berikutnya,Rumah,id,terjemahan,Bersihin kulkas,Keluarin makanan yang udah basi|Keluarin isi satu rak dulu|Lap raknya|Masukin lagi dan tata per jenis|Lanjut ke rak berikutnya,5,Keluarin makanan yang udah basi,,0,dgrp_ca56dfec,original,task_decomposition_en.csv (translated),,unknown (project-internal),2026-08-12,24.4,65,1,existing_indonesian_translation
dec_id_0066,Kurangi barang di kamar,nyingkirin barang yang nggak kepakai,Pilih satu area kecil dulu|Ambil barang yang jelas nggak kepakai|Pisahin jadi buang sumbang simpan|Bereskan yang mau dibuang|Lanjut ke area berikutnya besok,Rumah,id,terjemahan,Kurangi barang di kamar,Pilih satu area kecil dulu|Ambil barang yang jelas nggak kepakai|Pisahin jadi buang sumbang simpan|Bereskan yang mau dibuang|Lanjut ke area berikutnya besok,5,Pilih satu area kecil dulu,,0,dgrp_d4cbce32,original,task_decomposition_en.csv (translated),,unknown (project-internal),2026-08-12,30.4,66,1,existing_indonesian_translation
dec_id_0067,Rapikan dokumen,beresin dokumen penting di rumah,Kumpulin semua dokumen yang berserakan|Pisahin per jenis misalnya identitas dan keuangan|Masukin ke map atau folder|Buang yang udah kedaluwarsa|Simpan di tempat yang gampang diinget,Rumah,id,terjemahan,Rapikan dokumen,Kumpulin semua dokumen yang berserakan|Pisahin per jenis misalnya identitas dan keuangan|Masukin ke map atau folder|Buang yang udah kedaluwarsa|Simpan di tempat yang gampang diinget,5,Kumpulin semua dokumen yang berserakan,,0,dgrp_3a349e4e,original,task_decomposition_en.csv (translated),,unknown (project-internal),2026-08-12,35.4,67,1,existing_indonesian_translation
dec_id_0068,Packing buat pergi,nyiapin barang buat bepergian,Cek berapa hari perginya|Tulis daftar barang yang perlu dibawa|Siapin baju sesuai jumlah hari|Masukin dokumen dan alat mandi|Cek ulang daftarnya sebelum berangkat,Rumah,id,terjemahan,Packing buat pergi,Cek berapa hari perginya|Tulis daftar barang yang perlu dibawa|Siapin baju sesuai jumlah hari|Masukin dokumen dan alat mandi|Cek ulang daftarnya sebelum berangkat,5,Cek berapa hari perginya,,0,dgrp_bc8de866,original,task_decomposition_en.csv (translated),,unknown (project-internal),2026-08-12,31.6,68,1,existing_indonesian_translation
dec_id_0069,Bongkar tas setelah pergi,beresin barang setelah pulang,Keluarin baju kotor ke keranjang|Kembaliin barang ke tempatnya|Buang sampah dari dalam tas|Simpan dokumen ke tempat semula|Simpan tasnya,Rumah,id,terjemahan,Bongkar tas setelah pergi,Keluarin baju kotor ke keranjang|Kembaliin barang ke tempatnya|Buang sampah dari dalam tas|Simpan dokumen ke tempat semula|Simpan tasnya,5,Keluarin baju kotor ke keranjang,,0,dgrp_d26204d1,original,task_decomposition_en.csv (translated),,unknown (project-internal),2026-08-12,26.4,69,1,existing_indonesian_translation
dec_id_0070,Bersihin file laptop,laptop penuh file berantakan,Buat folder utama dulu|Pindahin file yang jelas kategorinya|Hapus file duplikat atau nggak kepakai|Kosongin recycle bin|Backup yang penting,Rumah,id,terjemahan,Bersihin file laptop,Buat folder utama dulu|Pindahin file yang jelas kategorinya|Hapus file duplikat atau nggak kepakai|Kosongin recycle bin|Backup yang penting,5,Buat folder utama dulu,,1,dgrp_963739cb,original,task_decomposition_en.csv (translated),,unknown (project-internal),2026-08-12,27.0,"70,223",2,exact_existing_indonesian_pattern|existing_indonesian_translation
dec_id_0071,Backup file,nyimpen cadangan file penting,Tentuin file mana yang penting|Pilih tempat backup misalnya cloud atau hard disk|Salin file batch pertama|Cek hasil salinannya|Jadwalin backup berikutnya,Rumah,id,terjemahan,Backup file,Tentuin file mana yang penting|Pilih tempat backup misalnya cloud atau hard disk|Salin file batch pertama|Cek hasil salinannya|Jadwalin backup berikutnya,5,Tentuin file mana yang penting,,0,dgrp_7d42bb3d,original,task_decomposition_en.csv (translated),,unknown (project-internal),2026-08-12,29.8,71,1,existing_indonesian_translation
dec_id_0072,Rapikan foto,beresin foto di HP atau laptop,Buat album per kejadian atau bulan|Pindahin foto yang jelas kategorinya|Hapus foto blur atau dobel|Backup album yang penting|Lanjut sisanya lain waktu,Rumah,id,terjemahan,Rapikan foto,Buat album per kejadian atau bulan|Pindahin foto yang jelas kategorinya|Hapus foto blur atau dobel|Backup album yang penting|Lanjut sisanya lain waktu,5,Buat album per kejadian atau bulan,,0,dgrp_82185d4a,original,task_decomposition_en.csv (translated),,unknown (project-internal),2026-08-12,29.2,72,1,existing_indonesian_translation
dec_id_0073,Bayar tagihan,bayar tagihan bulanan,Cek tagihan apa aja yang jatuh tempo|Buka aplikasi pembayaran|Bayar yang paling dekat jatuh temponya|Bayar sisanya|Simpan bukti bayarnya,Rumah,id,terjemahan,Bayar tagihan,Cek tagihan apa aja yang jatuh tempo|Buka aplikasi pembayaran|Bayar yang paling dekat jatuh temponya|Bayar sisanya|Simpan bukti bayarnya,5,Cek tagihan apa aja yang jatuh tempo,,1,dgrp_8805f736,original,task_decomposition_en.csv (translated),,unknown (project-internal),2026-08-12,26.4,"73,217",2,exact_existing_indonesian_pattern|existing_indonesian_translation
dec_id_0074,Bikin anggaran bulanan,nyusun anggaran bulan ini,Cek pemasukan bulan ini|Tulis pengeluaran tetap misalnya kos dan listrik|Tulis perkiraan pengeluaran harian|Sisihkan buat tabungan|Cek sisanya masuk akal apa nggak,Rumah,id,terjemahan,Bikin anggaran bulanan,Cek pemasukan bulan ini|Tulis pengeluaran tetap misalnya kos dan listrik|Tulis perkiraan pengeluaran harian|Sisihkan buat tabungan|Cek sisanya masuk akal apa nggak,5,Cek pemasukan bulan ini,,0,dgrp_0e45797f,original,task_decomposition_en.csv (translated),,unknown (project-internal),2026-08-12,31.8,74,1,existing_indonesian_translation
dec_id_0075,Perpanjang KTP atau SIM,ngurus perpanjangan dokumen identitas,Cek syarat dan dokumen yang diminta|Siapin berkas yang udah ada|Lengkapi yang masih kurang|Cek lokasi dan jam layanannya|Datang dan ambil nomor antrean,Administrasi,id,terjemahan,Perpanjang KTP atau SIM,Cek syarat dan dokumen yang diminta|Siapin berkas yang udah ada|Lengkapi yang masih kurang|Cek lokasi dan jam layanannya|Datang dan ambil nomor antrean,5,Cek syarat dan dokumen yang diminta,,0,dgrp_31b0b886,original,task_decomposition_en.csv (translated),,unknown (project-internal),2026-08-12,29.4,75,1,existing_indonesian_translation
dec_id_0076,Urus berkas administrasi,ngurus dokumen administrasi,Cek syarat dan dokumen yang diminta|Siapin berkas yang udah ada|Fotokopi atau scan yang perlu|Datang atau upload ke tempat pengurusan|Simpan bukti pengurusannya,Administrasi,id,terjemahan,Urus berkas administrasi,Cek syarat dan dokumen yang diminta|Siapin berkas yang udah ada|Fotokopi atau scan yang perlu|Datang atau upload ke tempat pengurusan|Simpan bukti pengurusannya,5,Cek syarat dan dokumen yang diminta,,0,dgrp_f63e50c5,original,task_decomposition_en.csv (translated),,unknown (project-internal),2026-08-12,31.2,76,1,existing_indonesian_translation
dec_id_0077,Bikin janji temu,bikin janji dengan dokter atau layanan,Tentuin tanggal dan jam yang kosong|Hubungi lewat telepon atau aplikasi|Konfirmasi jadwalnya|Catat di kalender|Pasang pengingat sehari sebelumnya,Administrasi,id,terjemahan,Bikin janji temu,Tentuin tanggal dan jam yang kosong|Hubungi lewat telepon atau aplikasi|Konfirmasi jadwalnya|Catat di kalender|Pasang pengingat sehari sebelumnya,5,Tentuin tanggal dan jam yang kosong,,0,dgrp_1d1dfa9a,original,task_decomposition_en.csv (translated),,unknown (project-internal),2026-08-12,28.2,77,1,existing_indonesian_translation
dec_id_0078,Pesan tiket perjalanan,pesan tiket kereta pesawat atau bus,Tentuin tanggal dan jam keberangkatan|Bandingin harga di 2 aplikasi|Pesan yang paling cocok|Bayar sebelum batas waktunya|Simpan bukti pemesanan,Administrasi,id,terjemahan,Pesan tiket perjalanan,Tentuin tanggal dan jam keberangkatan|Bandingin harga di 2 aplikasi|Pesan yang paling cocok|Bayar sebelum batas waktunya|Simpan bukti pemesanan,5,Tentuin tanggal dan jam keberangkatan,,0,dgrp_1f0dc1fa,original,task_decomposition_en.csv (translated),,unknown (project-internal),2026-08-12,27.8,78,1,existing_indonesian_translation
dec_id_0079,Siapin dokumen perjalanan,nyiapin dokumen sebelum bepergian,Cek dokumen apa yang diminta|Cek masa berlaku KTP atau paspor|Fotokopi atau scan sebagai cadangan|Masukin ke satu map|Simpan salinannya di HP,Administrasi,id,terjemahan,Siapin dokumen perjalanan,Cek dokumen apa yang diminta|Cek masa berlaku KTP atau paspor|Fotokopi atau scan sebagai cadangan|Masukin ke satu map|Simpan salinannya di HP,5,Cek dokumen apa yang diminta,,0,dgrp_e751e8a1,original,task_decomposition_en.csv (translated),,unknown (project-internal),2026-08-12,27.4,79,1,existing_indonesian_translation
dec_id_0080,Retur belanja online,balikin barang yang dibeli online,Buka aplikasi dan cari pesanannya|Ajukan pengembalian dan pilih alasannya|Kemas barangnya seperti semula|Kirim lewat jasa yang ditentukan|Simpan resi dan pantau statusnya,Administrasi,id,terjemahan,Retur belanja online,Buka aplikasi dan cari pesanannya|Ajukan pengembalian dan pilih alasannya|Kemas barangnya seperti semula|Kirim lewat jasa yang ditentukan|Simpan resi dan pantau statusnya,5,Buka aplikasi dan cari pesanannya,,0,dgrp_a603c4b5,original,task_decomposition_en.csv (translated),,unknown (project-internal),2026-08-12,33.2,80,1,existing_indonesian_translation
dec_id_0081,Ambil paket,ngambil paket yang udah sampai,Cek lokasi dan jam pengambilan|Siapin identitas atau kode pengambilan|Datang ke lokasinya|Cek isi paketnya|Simpan bukti pengambilan,Administrasi,id,terjemahan,Ambil paket,Cek lokasi dan jam pengambilan|Siapin identitas atau kode pengambilan|Datang ke lokasinya|Cek isi paketnya|Simpan bukti pengambilan,5,Cek lokasi dan jam pengambilan,,0,dgrp_d4f11fde,original,task_decomposition_en.csv (translated),,unknown (project-internal),2026-08-12,25.4,81,1,existing_indonesian_translation
dec_id_0082,Kirim paket,ngirim barang lewat ekspedisi,Kemas barangnya dengan aman|Tulis alamat tujuan yang lengkap|Pilih jasa pengiriman|Bayar dan simpan resinya|Kabarin penerima nomor resinya,Administrasi,id,terjemahan,Kirim paket,Kemas barangnya dengan aman|Tulis alamat tujuan yang lengkap|Pilih jasa pengiriman|Bayar dan simpan resinya|Kabarin penerima nomor resinya,5,Kemas barangnya dengan aman,,0,dgrp_7dcc1efc,original,task_decomposition_en.csv (translated),,unknown (project-internal),2026-08-12,26.8,82,1,existing_indonesian_translation
dec_id_0083,Ke bank,ngurus keperluan di bank,Tentuin keperluannya apa|Siapin dokumen yang dibutuhin|Cek jam operasional dan lokasinya|Datang dan ambil nomor antrean|Simpan bukti transaksinya,Administrasi,id,terjemahan,Ke bank,Tentuin keperluannya apa|Siapin dokumen yang dibutuhin|Cek jam operasional dan lokasinya|Datang dan ambil nomor antrean|Simpan bukti transaksinya,5,Tentuin keperluannya apa,,0,dgrp_21514952,original,task_decomposition_en.csv (translated),,unknown (project-internal),2026-08-12,28.2,83,1,existing_indonesian_translation
dec_id_0084,Ke kantor pemerintahan,ngurus keperluan di kantor pemerintah,Cek syarat dan dokumen yang diminta|Siapin semua berkasnya|Cek jam layanan dan lokasinya|Datang lebih awal buat antre|Simpan bukti pengurusan,Administrasi,id,terjemahan,Ke kantor pemerintahan,Cek syarat dan dokumen yang diminta|Siapin semua berkasnya|Cek jam layanan dan lokasinya|Datang lebih awal buat antre|Simpan bukti pengurusan,5,Cek syarat dan dokumen yang diminta,,0,dgrp_47888e19,original,task_decomposition_en.csv (translated),,unknown (project-internal),2026-08-12,27.4,84,1,existing_indonesian_translation
dec_id_0085,Servis kendaraan,bawa kendaraan buat diservis,Cek kapan terakhir diservis|Cari bengkel dan cek jam bukanya|Bikin janji kalau perlu|Bawa kendaraannya|Simpan nota dan catat tanggalnya,Administrasi,id,terjemahan,Servis kendaraan,Cek kapan terakhir diservis|Cari bengkel dan cek jam bukanya|Bikin janji kalau perlu|Bawa kendaraannya|Simpan nota dan catat tanggalnya,5,Cek kapan terakhir diservis,,0,dgrp_1b775e38,original,task_decomposition_en.csv (translated),,unknown (project-internal),2026-08-12,26.2,85,1,existing_indonesian_translation
dec_id_0086,Balikin buku perpustakaan,ngembaliin buku pinjaman,Kumpulin buku yang mau dikembaliin|Cek tanggal jatuh temponya|Cek jam buka perpustakaannya|Bawa dan kembaliin|Cek nggak ada denda yang tertinggal,Administrasi,id,terjemahan,Balikin buku perpustakaan,Kumpulin buku yang mau dikembaliin|Cek tanggal jatuh temponya|Cek jam buka perpustakaannya|Bawa dan kembaliin|Cek nggak ada denda yang tertinggal,5,Kumpulin buku yang mau dikembaliin,,0,dgrp_a9d9e749,original,task_decomposition_en.csv (translated),,unknown (project-internal),2026-08-12,28.2,86,1,existing_indonesian_translation
dec_id_0087,Beli kebutuhan rumah,belanja perlengkapan rumah,Cek apa yang habis atau rusak|Tulis daftar yang perlu dibeli|Cek budgetnya|Beli sesuai daftar|Simpan struk kalau perlu garansi,Administrasi,id,terjemahan,Beli kebutuhan rumah,Cek apa yang habis atau rusak|Tulis daftar yang perlu dibeli|Cek budgetnya|Beli sesuai daftar|Simpan struk kalau perlu garansi,5,Cek apa yang habis atau rusak,,0,dgrp_27e8d212,original,task_decomposition_en.csv (translated),,unknown (project-internal),2026-08-12,24.4,87,1,existing_indonesian_translation
dec_id_0088,Perpanjang langganan,perpanjang layanan berlangganan,Cek layanan apa yang mau habis|Cek harga dan paketnya|Bandingin sama alternatif lain|Bayar perpanjangannya|Catat tanggal jatuh tempo berikutnya,Administrasi,id,terjemahan,Perpanjang langganan,Cek layanan apa yang mau habis|Cek harga dan paketnya|Bandingin sama alternatif lain|Bayar perpanjangannya|Catat tanggal jatuh tempo berikutnya,5,Cek layanan apa yang mau habis,,0,dgrp_9d3f6b39,original,task_decomposition_en.csv (translated),,unknown (project-internal),2026-08-12,27.8,88,1,existing_indonesian_translation
dec_id_0089,Berhentiin langganan,batalin layanan berlangganan,Cek layanan mana yang mau dihentikan|Cari menu pembatalan di aplikasi atau situsnya|Ikuti langkah pembatalannya|Pastiin dapat konfirmasi|Cek tagihan bulan depan nggak kepotong lagi,Administrasi,id,terjemahan,Berhentiin langganan,Cek layanan mana yang mau dihentikan|Cari menu pembatalan di aplikasi atau situsnya|Ikuti langkah pembatalannya|Pastiin dapat konfirmasi|Cek tagihan bulan depan nggak kepotong lagi,5,Cek layanan mana yang mau dihentikan,,0,dgrp_140183da,original,task_decomposition_en.csv (translated),,unknown (project-internal),2026-08-12,35.2,89,1,existing_indonesian_translation
dec_id_0090,Daftar kelas atau kursus,daftar kelas atau pelatihan,Cek syarat dan biayanya|Siapin dokumen yang diminta|Isi formulir pendaftaran|Bayar biayanya kalau ada|Simpan bukti pendaftaran,Administrasi,id,terjemahan,Daftar kelas atau kursus,Cek syarat dan biayanya|Siapin dokumen yang diminta|Isi formulir pendaftaran|Bayar biayanya kalau ada|Simpan bukti pendaftaran,5,Cek syarat dan biayanya,,0,dgrp_b50be974,original,task_decomposition_en.csv (translated),,unknown (project-internal),2026-08-12,24.4,90,1,existing_indonesian_translation
dec_id_0091,Daftar acara,daftar buat ikut acara atau lomba,Baca syarat dan ketentuannya|Cek tanggal dan tempatnya|Isi formulir pendaftaran|Siapin berkas yang diminta|Simpan bukti dan catat di kalender,Administrasi,id,terjemahan,Daftar acara,Baca syarat dan ketentuannya|Cek tanggal dan tempatnya|Isi formulir pendaftaran|Siapin berkas yang diminta|Simpan bukti dan catat di kalender,5,Baca syarat dan ketentuannya,,0,dgrp_aa4e52a3,original,task_decomposition_en.csv (translated),,unknown (project-internal),2026-08-12,27.4,91,1,existing_indonesian_translation
dec_id_0092,Scan dokumen,nge-scan dokumen jadi file,Kumpulin dokumen yang mau di-scan|Buka aplikasi scanner di HP|Scan satu-satu sambil dicek hasilnya|Kasih nama file yang jelas|Simpan ke folder dan backup,Administrasi,id,terjemahan,Scan dokumen,Kumpulin dokumen yang mau di-scan|Buka aplikasi scanner di HP|Scan satu-satu sambil dicek hasilnya|Kasih nama file yang jelas|Simpan ke folder dan backup,5,Kumpulin dokumen yang mau di-scan,,0,dgrp_2270abe2,original,task_decomposition_en.csv (translated),,unknown (project-internal),2026-08-12,29.8,92,1,existing_indonesian_translation
dec_id_0093,Print dokumen,nge-print dokumen,Cek file yang mau diprint|Cek ketentuan ukuran dan warnanya|Cek tinta dan kertas di printer|Print dan cek hasilnya|Simpan filenya,Administrasi,id,terjemahan,Print dokumen,Cek file yang mau diprint|Cek ketentuan ukuran dan warnanya|Cek tinta dan kertas di printer|Print dan cek hasilnya|Simpan filenya,5,Cek file yang mau diprint,,0,dgrp_2cee3db8,original,task_decomposition_en.csv (translated),,unknown (project-internal),2026-08-12,25.0,93,1,existing_indonesian_translation
dec_id_0094,Cek pengiriman,ngecek status paket,Buka aplikasi atau situs ekspedisinya|Masukin nomor resinya|Cek posisi terakhir paketnya|Cek perkiraan tanggal sampai|Hubungi CS kalau statusnya mandek,Administrasi,id,terjemahan,Cek pengiriman,Buka aplikasi atau situs ekspedisinya|Masukin nomor resinya|Cek posisi terakhir paketnya|Cek perkiraan tanggal sampai|Hubungi CS kalau statusnya mandek,5,Buka aplikasi atau situs ekspedisinya,,0,dgrp_b418e02c,original,task_decomposition_en.csv (translated),,unknown (project-internal),2026-08-12,29.4,94,1,existing_indonesian_translation
dec_id_0095,Rencanain rute perjalanan,nyusun rute sebelum berangkat,Tentuin tujuan dan jam sampainya|Cek rute di aplikasi peta|Cek pilihan transportasinya|Perkirakan waktu tempuh plus macet|Simpan atau screenshot rutenya,Administrasi,id,terjemahan,Rencanain rute perjalanan,Tentuin tujuan dan jam sampainya|Cek rute di aplikasi peta|Cek pilihan transportasinya|Perkirakan waktu tempuh plus macet|Simpan atau screenshot rutenya,5,Tentuin tujuan dan jam sampainya,,0,dgrp_8cade053,original,task_decomposition_en.csv (translated),,unknown (project-internal),2026-08-12,29.6,95,1,existing_indonesian_translation
dec_id_0096,Siapin pindahan,nyiapin pindah kos atau rumah,Tentuin tanggal pindahnya|Siapin kardus dan alat pengemas|Kemas barang per kategori|Cari jasa angkut kalau perlu|Cek nggak ada yang ketinggalan,Administrasi,id,terjemahan,Siapin pindahan,Tentuin tanggal pindahnya|Siapin kardus dan alat pengemas|Kemas barang per kategori|Cari jasa angkut kalau perlu|Cek nggak ada yang ketinggalan,5,Tentuin tanggal pindahnya,,0,dgrp_54060f61,original,task_decomposition_en.csv (translated),,unknown (project-internal),2026-08-12,27.8,96,1,existing_indonesian_translation
dec_id_0097,Rapikan desktop,beresin tampilan desktop komputer,Buat folder penampung sementara|Pindahin semua file desktop ke situ|Kembaliin cuma yang sering dipakai|Sortir isi folder penampung pelan-pelan|Ganti wallpaper biar kerasa baru,Digital,id,terjemahan,Rapikan desktop,Buat folder penampung sementara|Pindahin semua file desktop ke situ|Kembaliin cuma yang sering dipakai|Sortir isi folder penampung pelan-pelan|Ganti wallpaper biar kerasa baru,5,Buat folder penampung sementara,,0,dgrp_d7c45b72,original,task_decomposition_en.csv (translated),,unknown (project-internal),2026-08-12,34.2,97,1,existing_indonesian_translation
dec_id_0098,Bersihin folder download,beresin folder unduhan,Urutin file berdasarkan tanggal|Hapus file yang jelas nggak kepakai|Pindahin yang penting ke folder yang benar|Hapus file duplikat|Kosongin recycle bin,Digital,id,terjemahan,Bersihin folder download,Urutin file berdasarkan tanggal|Hapus file yang jelas nggak kepakai|Pindahin yang penting ke folder yang benar|Hapus file duplikat|Kosongin recycle bin,5,Urutin file berdasarkan tanggal,,0,dgrp_41155936,original,task_decomposition_en.csv (translated),,unknown (project-internal),2026-08-12,29.4,98,1,existing_indonesian_translation
dec_id_0099,Rapikan penyimpanan cloud,beresin file di cloud,Cek folder mana yang paling berantakan|Buat struktur folder yang jelas|Pindahin file ke folder yang sesuai|Hapus versi lama yang nggak kepakai|Cek sisa kuotanya,Digital,id,terjemahan,Rapikan penyimpanan cloud,Cek folder mana yang paling berantakan|Buat struktur folder yang jelas|Pindahin file ke folder yang sesuai|Hapus versi lama yang nggak kepakai|Cek sisa kuotanya,5,Cek folder mana yang paling berantakan,,0,dgrp_29c2c15e,original,task_decomposition_en.csv (translated),,unknown (project-internal),2026-08-12,31.2,99,1,existing_indonesian_translation
dec_id_0100,Backup HP,nyimpen cadangan data HP,Cek sisa kuota penyimpanan cloud|Pilih data apa yang mau di-backup|Jalanin backup foto dulu|Backup kontak dan pesan|Cek hasil backupnya berhasil,Digital,id,terjemahan,Backup HP,Cek sisa kuota penyimpanan cloud|Pilih data apa yang mau di-backup|Jalanin backup foto dulu|Backup kontak dan pesan|Cek hasil backupnya berhasil,5,Cek sisa kuota penyimpanan cloud,,0,dgrp_cee3b500,original,task_decomposition_en.csv (translated),,unknown (project-internal),2026-08-12,28.0,100,1,existing_indonesian_translation
dec_id_0101,Kosongin memori HP,bikin ruang kosong di HP,Cek aplikasi mana yang paling makan memori|Hapus aplikasi yang nggak dipakai|Hapus foto dan video duplikat|Bersihin cache aplikasi|Pindahin file besar ke cloud,Digital,id,terjemahan,Kosongin memori HP,Cek aplikasi mana yang paling makan memori|Hapus aplikasi yang nggak dipakai|Hapus foto dan video duplikat|Bersihin cache aplikasi|Pindahin file besar ke cloud,5,Cek aplikasi mana yang paling makan memori,,0,dgrp_6ed61acc,original,task_decomposition_en.csv (translated),,unknown (project-internal),2026-08-12,31.0,101,1,existing_indonesian_translation
dec_id_0102,Rapikan kontak,beresin daftar kontak,Hapus kontak yang jelas nggak dikenal|Gabungin kontak yang dobel|Samain format penamaannya|Kasih label buat yang penting|Backup kontaknya,Digital,id,terjemahan,Rapikan kontak,Hapus kontak yang jelas nggak dikenal|Gabungin kontak yang dobel|Samain format penamaannya|Kasih label buat yang penting|Backup kontaknya,5,Hapus kontak yang jelas nggak dikenal,,0,dgrp_a3788e36,original,task_decomposition_en.csv (translated),,unknown (project-internal),2026-08-12,26.6,102,1,existing_indonesian_translation
dec_id_0103,Update aplikasi,perbarui aplikasi di HP atau laptop,Buka toko aplikasi|Cek aplikasi mana yang perlu diupdate|Update yang penting dulu|Tunggu sampai selesai|Cek aplikasinya masih jalan normal,Digital,id,terjemahan,Update aplikasi,Buka toko aplikasi|Cek aplikasi mana yang perlu diupdate|Update yang penting dulu|Tunggu sampai selesai|Cek aplikasinya masih jalan normal,5,Buka toko aplikasi,,0,dgrp_c19bf294,original,task_decomposition_en.csv (translated),,unknown (project-internal),2026-08-12,26.8,103,1,existing_indonesian_translation
dec_id_0104,Update sistem operasi,perbarui OS HP atau laptop,Cek versi yang tersedia|Backup data penting dulu|Pastiin baterai cukup atau colok charger|Jalanin update|Cek semuanya normal setelah restart,Digital,id,terjemahan,Update sistem operasi,Cek versi yang tersedia|Backup data penting dulu|Pastiin baterai cukup atau colok charger|Jalanin update|Cek semuanya normal setelah restart,5,Cek versi yang tersedia,,0,dgrp_486fa603,original,task_decomposition_en.csv (translated),,unknown (project-internal),2026-08-12,27.2,104,1,existing_indonesian_translation
dec_id_0105,Bikin struktur folder,nyusun struktur folder yang rapi,Tentuin kategori utamanya|Buat folder induk per kategori|Buat subfolder seperlunya|Pindahin file yang udah ada|Tulis aturan penamaan biar konsisten,Digital,id,terjemahan,Bikin struktur folder,Tentuin kategori utamanya|Buat folder induk per kategori|Buat subfolder seperlunya|Pindahin file yang udah ada|Tulis aturan penamaan biar konsisten,5,Tentuin kategori utamanya,,0,dgrp_010cf5f5,original,task_decomposition_en.csv (translated),,unknown (project-internal),2026-08-12,28.6,105,1,existing_indonesian_translation
dec_id_0106,Rename file,ngasih nama file yang konsisten,Tentuin format penamaannya|Mulai dari satu folder dulu|Rename file satu-satu atau sekaligus|Cek nggak ada yang kelewat|Terapin format yang sama ke folder lain,Digital,id,terjemahan,Rename file,Tentuin format penamaannya|Mulai dari satu folder dulu|Rename file satu-satu atau sekaligus|Cek nggak ada yang kelewat|Terapin format yang sama ke folder lain,5,Tentuin format penamaannya,,0,dgrp_174a9124,original,task_decomposition_en.csv (translated),,unknown (project-internal),2026-08-12,30.8,106,1,existing_indonesian_translation
dec_id_0107,Hapus file duplikat,nyingkirin file yang dobel,Urutin file berdasarkan nama atau ukuran|Tandai yang jelas duplikat|Cek isinya sama sebelum dihapus|Hapus duplikatnya|Kosongin recycle bin,Digital,id,terjemahan,Hapus file duplikat,Urutin file berdasarkan nama atau ukuran|Tandai yang jelas duplikat|Cek isinya sama sebelum dihapus|Hapus duplikatnya|Kosongin recycle bin,5,Urutin file berdasarkan nama atau ukuran,,0,dgrp_2b51e330,original,task_decomposition_en.csv (translated),,unknown (project-internal),2026-08-12,26.8,107,1,existing_indonesian_translation
dec_id_0108,Bikin rutinitas backup,nyusun kebiasaan backup rutin,Tentuin data apa yang perlu di-backup|Pilih tempat penyimpanannya|Tentuin seberapa sering backup|Pasang pengingat berkala|Jalanin backup pertama sekarang,Digital,id,terjemahan,Bikin rutinitas backup,Tentuin data apa yang perlu di-backup|Pilih tempat penyimpanannya|Tentuin seberapa sering backup|Pasang pengingat berkala|Jalanin backup pertama sekarang,5,Tentuin data apa yang perlu di-backup,,0,dgrp_3e0e9a34,original,task_decomposition_en.csv (translated),,unknown (project-internal),2026-08-12,29.8,108,1,existing_indonesian_translation
dec_id_0109,Amanin akun,ningkatin keamanan akun,Cek akun mana yang paling penting|Ganti password yang lemah|Nyalain verifikasi dua langkah|Cek perangkat yang pernah login|Keluarin perangkat yang nggak dikenal,Digital,id,terjemahan,Amanin akun,Cek akun mana yang paling penting|Ganti password yang lemah|Nyalain verifikasi dua langkah|Cek perangkat yang pernah login|Keluarin perangkat yang nggak dikenal,5,Cek akun mana yang paling penting,,0,dgrp_8fd4f573,original,task_decomposition_en.csv (translated),,unknown (project-internal),2026-08-12,31.2,109,1,existing_indonesian_translation
dec_id_0110,Ganti password,ganti kata sandi akun,Tentuin akun mana yang mau diganti|Bikin password baru yang kuat|Ganti di pengaturan akunnya|Simpan di password manager|Cek bisa login pakai yang baru,Digital,id,terjemahan,Ganti password,Tentuin akun mana yang mau diganti|Bikin password baru yang kuat|Ganti di pengaturan akunnya|Simpan di password manager|Cek bisa login pakai yang baru,5,Tentuin akun mana yang mau diganti,,0,dgrp_c8e68f8f,original,task_decomposition_en.csv (translated),,unknown (project-internal),2026-08-12,29.2,110,1,existing_indonesian_translation
dec_id_0111,Rapikan tab browser,beresin tab yang kebuka banyak,Lihat tab mana yang masih dibutuhin|Bookmark yang mau dibaca nanti|Tutup tab yang udah selesai|Kelompokin sisanya kalau browser mendukung|Tutup jendela yang nggak kepakai,Digital,id,terjemahan,Rapikan tab browser,Lihat tab mana yang masih dibutuhin|Bookmark yang mau dibaca nanti|Tutup tab yang udah selesai|Kelompokin sisanya kalau browser mendukung|Tutup jendela yang nggak kepakai,5,Lihat tab mana yang masih dibutuhin,,0,dgrp_59942cbe,original,task_decomposition_en.csv (translated),,unknown (project-internal),2026-08-12,33.2,111,1,existing_indonesian_translation
dec_id_0112,Bikin filter email,nyusun filter biar inbox rapi,Lihat email jenis apa yang paling sering masuk|Buat satu filter buat jenis itu|Tentuin folder tujuannya|Tes filternya jalan|Buat filter berikutnya,Digital,id,terjemahan,Bikin filter email,Lihat email jenis apa yang paling sering masuk|Buat satu filter buat jenis itu|Tentuin folder tujuannya|Tes filternya jalan|Buat filter berikutnya,5,Lihat email jenis apa yang paling sering masuk,,0,dgrp_c1239283,original,task_decomposition_en.csv (translated),,unknown (project-internal),2026-08-12,28.4,112,1,existing_indonesian_translation
dec_id_0113,Pasang pengingat kalender,nyetel pengingat di kalender,Tulis kegiatan apa yang perlu diingetin|Buka aplikasi kalender|Masukin tanggal dan jamnya|Setel pengingatnya berapa lama sebelumnya|Cek pengingatnya muncul,Digital,id,terjemahan,Pasang pengingat kalender,Tulis kegiatan apa yang perlu diingetin|Buka aplikasi kalender|Masukin tanggal dan jamnya|Setel pengingatnya berapa lama sebelumnya|Cek pengingatnya muncul,5,Tulis kegiatan apa yang perlu diingetin,,0,dgrp_d3c9eeb2,original,task_decomposition_en.csv (translated),,unknown (project-internal),2026-08-12,30.2,113,1,existing_indonesian_translation
dec_id_0114,Bikin template,bikin template biar nggak mulai dari nol,Tentuin dokumen apa yang sering diulang|Buka contoh yang paling bagus|Hapus isi yang spesifik dan sisain kerangkanya|Simpan sebagai template|Coba pakai buat sekali,Digital,id,terjemahan,Bikin template,Tentuin dokumen apa yang sering diulang|Buka contoh yang paling bagus|Hapus isi yang spesifik dan sisain kerangkanya|Simpan sebagai template|Coba pakai buat sekali,5,Tentuin dokumen apa yang sering diulang,,0,dgrp_23d4834a,original,task_decomposition_en.csv (translated),,unknown (project-internal),2026-08-12,31.8,114,1,existing_indonesian_translation
dec_id_0115,Bikin spreadsheet pelacak,bikin spreadsheet buat memantau sesuatu,Tentuin apa yang mau dilacak|Buat kolom yang dibutuhin|Isi beberapa baris contoh|Tambahin rumus kalau perlu|Simpan dan pakai rutin,Digital,id,terjemahan,Bikin spreadsheet pelacak,Tentuin apa yang mau dilacak|Buat kolom yang dibutuhin|Isi beberapa baris contoh|Tambahin rumus kalau perlu|Simpan dan pakai rutin,5,Tentuin apa yang mau dilacak,,0,dgrp_834d98fd,original,task_decomposition_en.csv (translated),,unknown (project-internal),2026-08-12,25.2,115,1,existing_indonesian_translation
dec_id_0116,Ekspor data,ngeluarin data dari aplikasi,Cari menu ekspor di aplikasinya|Pilih format yang dibutuhin|Jalanin ekspornya|Cek file hasilnya kebaca|Simpan ke folder yang benar,Digital,id,terjemahan,Ekspor data,Cari menu ekspor di aplikasinya|Pilih format yang dibutuhin|Jalanin ekspornya|Cek file hasilnya kebaca|Simpan ke folder yang benar,5,Cari menu ekspor di aplikasinya,,0,dgrp_3faf4660,original,task_decomposition_en.csv (translated),,unknown (project-internal),2026-08-12,25.2,116,1,existing_indonesian_translation
dec_id_0117,Impor data,masukin data ke aplikasi,Siapin file yang mau diimpor|Cek formatnya sesuai yang diminta|Cari menu impor di aplikasinya|Jalanin impornya|Cek datanya masuk dengan benar,Digital,id,terjemahan,Impor data,Siapin file yang mau diimpor|Cek formatnya sesuai yang diminta|Cari menu impor di aplikasinya|Jalanin impornya|Cek datanya masuk dengan benar,5,Siapin file yang mau diimpor,,0,dgrp_33a5ec35,original,task_decomposition_en.csv (translated),,unknown (project-internal),2026-08-12,27.4,117,1,existing_indonesian_translation
dec_id_0118,Bikin folder berbagi,bikin folder yang bisa diakses bareng,Buat folder di cloud|Tentuin siapa aja yang boleh akses|Atur hak aksesnya lihat atau edit|Kirim tautannya ke mereka|Cek mereka bisa buka,Digital,id,terjemahan,Bikin folder berbagi,Buat folder di cloud|Tentuin siapa aja yang boleh akses|Atur hak aksesnya lihat atau edit|Kirim tautannya ke mereka|Cek mereka bisa buka,5,Buat folder di cloud,,0,dgrp_010cf5f5,original,task_decomposition_en.csv (translated),,unknown (project-internal),2026-08-12,26.4,118,1,existing_indonesian_translation
dec_id_0119,Atur notifikasi,ngurangin notifikasi yang ganggu,Buka pengaturan notifikasi|Lihat aplikasi mana yang paling sering nongol|Matiin notifikasi yang nggak penting|Sisain yang beneran perlu|Setel mode fokus kalau ada,Digital,id,terjemahan,Atur notifikasi,Buka pengaturan notifikasi|Lihat aplikasi mana yang paling sering nongol|Matiin notifikasi yang nggak penting|Sisain yang beneran perlu|Setel mode fokus kalau ada,5,Buka pengaturan notifikasi,,0,dgrp_874da387,original,task_decomposition_en.csv (translated),,unknown (project-internal),2026-08-12,31.6,119,1,existing_indonesian_translation
dec_id_0120,Bersihin media sosial,beresin isi media sosial,Buka daftar akun yang kamu ikuti|Unfollow akun yang bikin nggak enak|Mute akun yang terlalu berisik|Rapikan postingan lama kalau perlu|Setel batas waktu pemakaian,Digital,id,terjemahan,Bersihin media sosial,Buka daftar akun yang kamu ikuti|Unfollow akun yang bikin nggak enak|Mute akun yang terlalu berisik|Rapikan postingan lama kalau perlu|Setel batas waktu pemakaian,5,Buka daftar akun yang kamu ikuti,,0,dgrp_3853685a,original,task_decomposition_en.csv (translated),,unknown (project-internal),2026-08-12,31.6,120,1,existing_indonesian_translation
dec_id_0121,Balas pesan teman,balas chat yang belum dibalas,Buka daftar chat yang belum dibalas|Balas yang cuma butuh 1 kalimat dulu|Balas yang butuh mikir setelahnya|Tandai yang perlu ditindaklanjuti|Tutup aplikasinya,Komunikasi,id,terjemahan,Balas pesan teman,Buka daftar chat yang belum dibalas|Balas yang cuma butuh 1 kalimat dulu|Balas yang butuh mikir setelahnya|Tandai yang perlu ditindaklanjuti|Tutup aplikasinya,5,Buka daftar chat yang belum dibalas,,0,dgrp_ce364abc,original,task_decomposition_en.csv (translated),,unknown (project-internal),2026-08-12,30.8,121,1,existing_indonesian_translation
dec_id_0122,Telepon seseorang,nelepon yang udah lama ditunda,Tulis 3 poin yang mau dibicarakan|Cek waktunya pas buat dia|Telepon|Catat kalau ada yang perlu ditindaklanjuti|Kirim pesan susulan kalau perlu,Komunikasi,id,terjemahan,Telepon seseorang,Tulis 3 poin yang mau dibicarakan|Cek waktunya pas buat dia|Telepon|Catat kalau ada yang perlu ditindaklanjuti|Kirim pesan susulan kalau perlu,5,Tulis 3 poin yang mau dibicarakan,,0,dgrp_3205c4ca,original,task_decomposition_en.csv (translated),,unknown (project-internal),2026-08-12,27.6,122,1,existing_indonesian_translation
dec_id_0123,Kirim pengingat,ngingetin orang soal sesuatu,Tulis apa yang mau diingetin|Tentuin siapa yang perlu diingetin|Tulis pesannya singkat dan jelas|Kirim|Catat kapan perlu diingetin lagi,Komunikasi,id,terjemahan,Kirim pengingat,Tulis apa yang mau diingetin|Tentuin siapa yang perlu diingetin|Tulis pesannya singkat dan jelas|Kirim|Catat kapan perlu diingetin lagi,5,Tulis apa yang mau diingetin,langkah_kosong_atau_terlalu_pendek,0,dgrp_ca2e2074,original,task_decomposition_en.csv (translated),,unknown (project-internal),2026-08-12,26.2,123,1,existing_indonesian_translation
dec_id_0124,Minta bantuan,minta tolong ke orang lain,Tulis dengan jelas kamu butuh bantuan apa|Tentuin siapa yang paling bisa bantu|Tulis pesannya tanpa banyak basa-basi|Kirim|Ucapkan terima kasih setelah dibantu,Komunikasi,id,terjemahan,Minta bantuan,Tulis dengan jelas kamu butuh bantuan apa|Tentuin siapa yang paling bisa bantu|Tulis pesannya tanpa banyak basa-basi|Kirim|Ucapkan terima kasih setelah dibantu,5,Tulis dengan jelas kamu butuh bantuan apa,langkah_kosong_atau_terlalu_pendek,0,dgrp_79262c08,original,task_decomposition_en.csv (translated),,unknown (project-internal),2026-08-12,31.0,124,1,existing_indonesian_translation
dec_id_0125,Kabarin progres,ngasih update ke tim atau atasan,Cek progres terakhir yang udah dikerjain|Tulis apa yang udah selesai|Tulis kendala kalau ada|Tulis rencana berikutnya|Kirim ke yang bersangkutan,Komunikasi,id,terjemahan,Kabarin progres,Cek progres terakhir yang udah dikerjain|Tulis apa yang udah selesai|Tulis kendala kalau ada|Tulis rencana berikutnya|Kirim ke yang bersangkutan,5,Cek progres terakhir yang udah dikerjain,,0,dgrp_be07f7f8,original,task_decomposition_en.csv (translated),,unknown (project-internal),2026-08-12,28.0,125,1,existing_indonesian_translation
dec_id_0126,Kirim permintaan maaf,minta maaf lewat pesan,Tulis apa yang mau kamu sampaikan|Fokus ke kejadiannya bukan alasan panjang|Baca ulang sekali|Kirim|Kasih ruang buat dia jawab,Komunikasi,id,terjemahan,Kirim permintaan maaf,Tulis apa yang mau kamu sampaikan|Fokus ke kejadiannya bukan alasan panjang|Baca ulang sekali|Kirim|Kasih ruang buat dia jawab,5,Tulis apa yang mau kamu sampaikan,langkah_kosong_atau_terlalu_pendek,0,dgrp_c7119a0e,original,task_decomposition_en.csv (translated),,unknown (project-internal),2026-08-12,24.4,126,1,existing_indonesian_translation
dec_id_0127,Bikin janji ketemu,ngatur waktu ketemu sama orang,Tentuin tujuan ketemunya|Tawarin 2-3 pilihan waktu|Kirim ke orangnya|Konfirmasi waktu yang disepakati|Catat di kalender,Komunikasi,id,terjemahan,Bikin janji ketemu,Tentuin tujuan ketemunya|Tawarin 2-3 pilihan waktu|Kirim ke orangnya|Konfirmasi waktu yang disepakati|Catat di kalender,5,Tentuin tujuan ketemunya,,0,dgrp_1d1dfa9a,original,task_decomposition_en.csv (translated),,unknown (project-internal),2026-08-12,23.0,127,1,existing_indonesian_translation
dec_id_0128,Siapin obrolan sulit,nyiapin diri buat percakapan berat,Tulis apa yang mau kamu sampaikan|Tulis hasil yang kamu harapkan|Pikirin kemungkinan responsnya|Pilih waktu dan tempat yang tenang|Mulai dengan kalimat yang udah kamu siapin,Komunikasi,id,terjemahan,Siapin obrolan sulit,Tulis apa yang mau kamu sampaikan|Tulis hasil yang kamu harapkan|Pikirin kemungkinan responsnya|Pilih waktu dan tempat yang tenang|Mulai dengan kalimat yang udah kamu siapin,5,Tulis apa yang mau kamu sampaikan,,0,dgrp_6b270fa7,original,task_decomposition_en.csv (translated),,unknown (project-internal),2026-08-12,33.8,128,1,existing_indonesian_translation
dec_id_0129,Kirim ucapan terima kasih,ngucapin terima kasih ke seseorang,Tulis untuk apa kamu berterima kasih|Tulis pesannya singkat dan tulus|Baca ulang sekali|Kirim|Catat kalau ada yang mau dibalas budi,Komunikasi,id,terjemahan,Kirim ucapan terima kasih,Tulis untuk apa kamu berterima kasih|Tulis pesannya singkat dan tulus|Baca ulang sekali|Kirim|Catat kalau ada yang mau dibalas budi,5,Tulis untuk apa kamu berterima kasih,langkah_kosong_atau_terlalu_pendek,0,dgrp_7de8f2e4,original,task_decomposition_en.csv (translated),,unknown (project-internal),2026-08-12,25.4,129,1,existing_indonesian_translation
dec_id_0130,Tolak ajakan,nolak undangan atau ajakan dengan sopan,Putuskan dulu kamu memang mau nolak|Tulis penolakan yang singkat dan jelas|Nggak perlu alasan panjang|Kirim|Tawarin alternatif kalau memang mau,Komunikasi,id,terjemahan,Tolak ajakan,Putuskan dulu kamu memang mau nolak|Tulis penolakan yang singkat dan jelas|Nggak perlu alasan panjang|Kirim|Tawarin alternatif kalau memang mau,5,Putuskan dulu kamu memang mau nolak,langkah_kosong_atau_terlalu_pendek,0,dgrp_6ca9bbd4,original,task_decomposition_en.csv (translated),,unknown (project-internal),2026-08-12,27.8,130,1,existing_indonesian_translation
dec_id_0131,Koordinasi tugas kelompok,ngatur pembagian kerja kelompok,Buka grup dan cek progres terakhir|Tulis bagian apa aja yang perlu dikerjain|Usulin pembagiannya|Sepakati tenggat tiap bagian|Pasang pengingat sebelum tenggat,Komunikasi,id,terjemahan,Koordinasi tugas kelompok,Buka grup dan cek progres terakhir|Tulis bagian apa aja yang perlu dikerjain|Usulin pembagiannya|Sepakati tenggat tiap bagian|Pasang pengingat sebelum tenggat,5,Buka grup dan cek progres terakhir,,0,dgrp_3faa9482,original,task_decomposition_en.csv (translated),,unknown (project-internal),2026-08-12,30.8,131,1,existing_indonesian_translation
dec_id_0132,Minta penjelasan,nanya hal yang belum jelas,Tulis persis bagian mana yang belum jelas|Tentuin siapa yang paling tepat ditanya|Tulis pertanyaannya spesifik|Kirim|Catat jawabannya biar nggak nanya dua kali,Komunikasi,id,terjemahan,Minta penjelasan,Tulis persis bagian mana yang belum jelas|Tentuin siapa yang paling tepat ditanya|Tulis pertanyaannya spesifik|Kirim|Catat jawabannya biar nggak nanya dua kali,5,Tulis persis bagian mana yang belum jelas,langkah_kosong_atau_terlalu_pendek,0,dgrp_36bd9835,original,task_decomposition_en.csv (translated),,unknown (project-internal),2026-08-12,31.0,132,1,existing_indonesian_translation
dec_id_0133,Kirim dokumen,ngirim file ke orang lain,Cek file yang mau dikirim udah versi final|Kasih nama file yang jelas|Tulis pesan pengantarnya singkat|Kirim lewat email atau chat|Pastiin dia terima,Komunikasi,id,terjemahan,Kirim dokumen,Cek file yang mau dikirim udah versi final|Kasih nama file yang jelas|Tulis pesan pengantarnya singkat|Kirim lewat email atau chat|Pastiin dia terima,5,Cek file yang mau dikirim udah versi final,,0,dgrp_46142d4c,original,task_decomposition_en.csv (translated),,unknown (project-internal),2026-08-12,29.0,133,1,existing_indonesian_translation
dec_id_0134,Kumpulin jawaban,ngumpulin respons dari beberapa orang,Tulis pertanyaan atau formulirnya|Tentuin siapa aja yang perlu jawab|Kirim ke mereka|Ingetin yang belum jawab|Rekap jawabannya,Komunikasi,id,terjemahan,Kumpulin jawaban,Tulis pertanyaan atau formulirnya|Tentuin siapa aja yang perlu jawab|Kirim ke mereka|Ingetin yang belum jawab|Rekap jawabannya,5,Tulis pertanyaan atau formulirnya,,0,dgrp_8eb3fe81,original,task_decomposition_en.csv (translated),,unknown (project-internal),2026-08-12,24.4,134,1,existing_indonesian_translation
dec_id_0135,Bikin pengumuman,nulis pengumuman buat grup atau publik,Tulis informasi intinya dulu|Tambahin detail waktu dan tempat|Cek nggak ada yang ambigu|Kirim ke saluran yang tepat|Jawab pertanyaan yang masuk,Komunikasi,id,terjemahan,Bikin pengumuman,Tulis informasi intinya dulu|Tambahin detail waktu dan tempat|Cek nggak ada yang ambigu|Kirim ke saluran yang tepat|Jawab pertanyaan yang masuk,5,Tulis informasi intinya dulu,,0,dgrp_a1b8a753,original,task_decomposition_en.csv (translated),,unknown (project-internal),2026-08-12,27.8,135,1,existing_indonesian_translation
dec_id_0136,Siapin naskah presentasi,nyiapin apa yang mau diomongin,Buka slide yang udah jadi|Tulis poin yang mau diomongin per slide|Latihan baca sekali|Pangkas yang kepanjangan|Latihan sekali lagi,Komunikasi,id,terjemahan,Siapin naskah presentasi,Buka slide yang udah jadi|Tulis poin yang mau diomongin per slide|Latihan baca sekali|Pangkas yang kepanjangan|Latihan sekali lagi,5,Buka slide yang udah jadi,,0,dgrp_57d20057,original,task_decomposition_en.csv (translated),,unknown (project-internal),2026-08-12,25.2,136,1,existing_indonesian_translation
dec_id_0137,Kasih masukan,ngasih feedback ke orang lain,Baca atau lihat hasil kerjanya dulu|Tulis 1 hal yang udah bagus|Tulis 1-2 hal yang bisa diperbaiki|Tulis dengan spesifik bukan umum|Sampaikan,Komunikasi,id,terjemahan,Kasih masukan,Baca atau lihat hasil kerjanya dulu|Tulis 1 hal yang udah bagus|Tulis 1-2 hal yang bisa diperbaiki|Tulis dengan spesifik bukan umum|Sampaikan,5,Baca atau lihat hasil kerjanya dulu,,0,dgrp_383b5c7f,original,task_decomposition_en.csv (translated),,unknown (project-internal),2026-08-12,27.4,137,1,existing_indonesian_translation
dec_id_0138,Minta perpanjangan tenggat,minta tambahan waktu ke dosen atau atasan,Tentuin butuh tambahan berapa lama|Tulis alasannya dengan jujur dan singkat|Tulis rencana kamu nyelesaiinnya|Kirim sebelum tenggatnya lewat|Konfirmasi jawabannya,Komunikasi,id,terjemahan,Minta perpanjangan tenggat,Tentuin butuh tambahan berapa lama|Tulis alasannya dengan jujur dan singkat|Tulis rencana kamu nyelesaiinnya|Kirim sebelum tenggatnya lewat|Konfirmasi jawabannya,5,Tentuin butuh tambahan berapa lama,,0,dgrp_73264bca,original,task_decomposition_en.csv (translated),,unknown (project-internal),2026-08-12,31.4,138,1,existing_indonesian_translation
dec_id_0139,Tindak lanjut lamaran,nanyain kabar lamaran yang dikirim,Cek kapan kamu ngirim lamarannya|Cek apakah pantas ditanya sekarang|Tulis pesan singkat dan sopan|Kirim ke kontak yang tepat|Catat tanggalnya,Komunikasi,id,terjemahan,Tindak lanjut lamaran,Cek kapan kamu ngirim lamarannya|Cek apakah pantas ditanya sekarang|Tulis pesan singkat dan sopan|Kirim ke kontak yang tepat|Catat tanggalnya,5,Cek kapan kamu ngirim lamarannya,,0,dgrp_c1469aaa,original,task_decomposition_en.csv (translated),,unknown (project-internal),2026-08-12,27.4,139,1,existing_indonesian_translation
dec_id_0140,Tanggapi masukan,nanggepin feedback yang diterima,Baca semua masukannya sekali dulu|Tahan diri buat langsung membela|Pisahin mana yang bisa ditindaklanjuti|Balas dengan ucapan terima kasih|Kerjain yang paling gampang dulu,Komunikasi,id,terjemahan,Tanggapi masukan,Baca semua masukannya sekali dulu|Tahan diri buat langsung membela|Pisahin mana yang bisa ditindaklanjuti|Balas dengan ucapan terima kasih|Kerjain yang paling gampang dulu,5,Baca semua masukannya sekali dulu,,0,dgrp_853d9ef8,original,task_decomposition_en.csv (translated),,unknown (project-internal),2026-08-12,33.4,140,1,existing_indonesian_translation
dec_id_0141,Rencanain besok,nyusun rencana buat besok,Cek kalender besok|Tulis 3 hal terpenting yang harus kelar|Siapin barang yang perlu dibawa|Tentuin jam bangunnya|Tulis satu langkah pertama buat besok pagi,Personal,id,terjemahan,Rencanain besok,Cek kalender besok|Tulis 3 hal terpenting yang harus kelar|Siapin barang yang perlu dibawa|Tentuin jam bangunnya|Tulis satu langkah pertama buat besok pagi,5,Cek kalender besok,,0,dgrp_6dac1df2,original,task_decomposition_en.csv (translated),,unknown (project-internal),2026-08-12,30.2,141,1,existing_indonesian_translation
dec_id_0142,Rencanain minggu ini,nyusun rencana mingguan,Buka kalender minggu ini|Tulis semua tenggat yang ada|Tandai hari yang udah padat|Sebar kerjaan ke hari yang masih lowong|Sisain satu hari yang ringan,Personal,id,terjemahan,Rencanain minggu ini,Buka kalender minggu ini|Tulis semua tenggat yang ada|Tandai hari yang udah padat|Sebar kerjaan ke hari yang masih lowong|Sisain satu hari yang ringan,5,Buka kalender minggu ini,,0,dgrp_e02ac233,original,task_decomposition_en.csv (translated),,unknown (project-internal),2026-08-12,29.2,142,1,existing_indonesian_translation
dec_id_0143,Tentuin target bulanan,nyusun target buat sebulan,Lihat apa yang belum kelar bulan lalu|Tulis 3 target utama bulan ini|Pecah tiap target jadi langkah mingguan|Tentuin cara ngukur berhasilnya|Tulis di tempat yang keliatan,Personal,id,terjemahan,Tentuin target bulanan,Lihat apa yang belum kelar bulan lalu|Tulis 3 target utama bulan ini|Pecah tiap target jadi langkah mingguan|Tentuin cara ngukur berhasilnya|Tulis di tempat yang keliatan,5,Lihat apa yang belum kelar bulan lalu,,0,dgrp_e450ec17,original,task_decomposition_en.csv (translated),,unknown (project-internal),2026-08-12,33.2,143,1,existing_indonesian_translation
dec_id_0144,Nulis jurnal,nulis catatan harian,Buka buku atau aplikasi jurnal|Tulis 1 hal yang paling nempel hari ini|Tulis gimana perasaan kamu soal itu|Tulis 1 hal yang kamu syukuri|Tutup tanpa dibaca ulang,Personal,id,terjemahan,Nulis jurnal,Buka buku atau aplikasi jurnal|Tulis 1 hal yang paling nempel hari ini|Tulis gimana perasaan kamu soal itu|Tulis 1 hal yang kamu syukuri|Tutup tanpa dibaca ulang,5,Buka buku atau aplikasi jurnal,,0,dgrp_e8245478,original,task_decomposition_en.csv (translated),,unknown (project-internal),2026-08-12,31.4,144,1,existing_indonesian_translation
dec_id_0145,Refleksi mingguan,ngeliat balik minggu yang udah lewat,Buka catatan atau kalender minggu ini|Tulis 1 hal yang berjalan baik|Tulis 1 hal yang bisa diperbaiki|Tulis 1 pelajaran yang diambil|Tentuin 1 hal buat dicoba minggu depan,Personal,id,terjemahan,Refleksi mingguan,Buka catatan atau kalender minggu ini|Tulis 1 hal yang berjalan baik|Tulis 1 hal yang bisa diperbaiki|Tulis 1 pelajaran yang diambil|Tentuin 1 hal buat dicoba minggu depan,5,Buka catatan atau kalender minggu ini,,0,dgrp_a738597c,original,task_decomposition_en.csv (translated),,unknown (project-internal),2026-08-12,33.4,145,1,existing_indonesian_translation
dec_id_0146,Rencanain proyek pribadi,nyusun rencana proyek sendiri,Tulis hasil akhir yang kamu mau|Pecah jadi 3-5 tahapan|Tentuin langkah pertama yang paling kecil|Kasih target waktu yang longgar|Kerjain langkah pertama sekarang,Personal,id,terjemahan,Rencanain proyek pribadi,Tulis hasil akhir yang kamu mau|Pecah jadi 3-5 tahapan|Tentuin langkah pertama yang paling kecil|Kasih target waktu yang longgar|Kerjain langkah pertama sekarang,5,Tulis hasil akhir yang kamu mau,,0,dgrp_7480034c,original,task_decomposition_en.csv (translated),,unknown (project-internal),2026-08-12,31.4,146,1,existing_indonesian_translation
dec_id_0147,Mulai kebiasaan baru,bikin kebiasaan baru yang nempel,Pilih satu kebiasaan aja dulu|Bikin versi paling kecilnya misalnya 2 menit|Tempelin ke kebiasaan yang udah ada|Catat tiap kali berhasil|Evaluasi setelah seminggu,Personal,id,terjemahan,Mulai kebiasaan baru,Pilih satu kebiasaan aja dulu|Bikin versi paling kecilnya misalnya 2 menit|Tempelin ke kebiasaan yang udah ada|Catat tiap kali berhasil|Evaluasi setelah seminggu,5,Pilih satu kebiasaan aja dulu,,0,dgrp_a5357bf1,original,task_decomposition_en.csv (translated),,unknown (project-internal),2026-08-12,31.4,147,1,existing_indonesian_translation
dec_id_0148,Baca buku,baca buku yang udah lama ditunda,Ambil bukunya dan taruh di tempat yang keliatan|Baca 2 halaman aja dulu|Tandai sampai mana kamu baca|Tentuin kapan mau lanjut|Lanjut besok di jam yang sama,Personal,id,terjemahan,Baca buku,Ambil bukunya dan taruh di tempat yang keliatan|Baca 2 halaman aja dulu|Tandai sampai mana kamu baca|Tentuin kapan mau lanjut|Lanjut besok di jam yang sama,5,Ambil bukunya dan taruh di tempat yang keliatan,,0,dgrp_9f370975,original,task_decomposition_en.csv (translated),,unknown (project-internal),2026-08-12,30.2,148,1,existing_indonesian_translation
dec_id_0149,Belajar skill baru,mulai belajar keterampilan baru,Tentuin skill apa dan buat apa|Cari 1 sumber belajar yang bagus|Sisihkan 20 menit buat mulai|Praktekin hal paling dasar|Jadwalin sesi berikutnya,Personal,id,terjemahan,Belajar skill baru,Tentuin skill apa dan buat apa|Cari 1 sumber belajar yang bagus|Sisihkan 20 menit buat mulai|Praktekin hal paling dasar|Jadwalin sesi berikutnya,5,Tentuin skill apa dan buat apa,,0,dgrp_ec125e99,original,task_decomposition_en.csv (translated),,unknown (project-internal),2026-08-12,28.0,149,1,existing_indonesian_translation
dec_id_0150,Latihan bahasa,latihan bahasa asing,Buka aplikasi atau materi latihan|Latihan 10 menit aja dulu|Fokus ke satu keterampilan misalnya kosakata|Catat kata baru yang dipelajari|Ulangi besok,Personal,id,terjemahan,Latihan bahasa,Buka aplikasi atau materi latihan|Latihan 10 menit aja dulu|Fokus ke satu keterampilan misalnya kosakata|Catat kata baru yang dipelajari|Ulangi besok,5,Buka aplikasi atau materi latihan,,0,dgrp_3b81602f,original,task_decomposition_en.csv (translated),,unknown (project-internal),2026-08-12,29.0,150,1,existing_indonesian_translation
dec_id_0151,Rencanain olahraga seminggu,nyusun jadwal olahraga,Tentuin berapa kali seminggu yang realistis|Pilih jenis olahraganya|Taruh di hari dan jam yang spesifik|Siapin baju dan alatnya|Pasang pengingat,Personal,id,terjemahan,Rencanain olahraga seminggu,Tentuin berapa kali seminggu yang realistis|Pilih jenis olahraganya|Taruh di hari dan jam yang spesifik|Siapin baju dan alatnya|Pasang pengingat,5,Tentuin berapa kali seminggu yang realistis,,0,dgrp_747e7e97,original,task_decomposition_en.csv (translated),,unknown (project-internal),2026-08-12,28.0,151,1,existing_indonesian_translation
dec_id_0152,Siapin tidur,nyiapin diri buat tidur lebih baik,Tentuin jam tidur yang mau dituju|Matiin layar 30 menit sebelumnya|Siapin baju dan kebutuhan besok|Redupkan lampu|Lakuin hal tenang sampai ngantuk,Personal,id,terjemahan,Siapin tidur,Tentuin jam tidur yang mau dituju|Matiin layar 30 menit sebelumnya|Siapin baju dan kebutuhan besok|Redupkan lampu|Lakuin hal tenang sampai ngantuk,5,Tentuin jam tidur yang mau dituju,,0,dgrp_4cfa5a26,original,task_decomposition_en.csv (translated),,unknown (project-internal),2026-08-12,28.4,152,1,existing_indonesian_translation
dec_id_0153,Rencanain pagi,nyusun rutinitas pagi,Tentuin jam bangun yang realistis|Tulis 3 hal yang mau dilakuin tiap pagi|Siapin barangnya dari malam|Pasang alarm|Coba jalanin besok,Personal,id,terjemahan,Rencanain pagi,Tentuin jam bangun yang realistis|Tulis 3 hal yang mau dilakuin tiap pagi|Siapin barangnya dari malam|Pasang alarm|Coba jalanin besok,5,Tentuin jam bangun yang realistis,,0,dgrp_6bbf2843,original,task_decomposition_en.csv (translated),,unknown (project-internal),2026-08-12,25.8,153,1,existing_indonesian_translation
dec_id_0154,Bersihin HP,beresin isi HP,Hapus aplikasi yang nggak dipakai|Rapikan aplikasi di layar utama|Hapus foto dan file yang nggak perlu|Bersihin notifikasi yang numpuk|Restart HP-nya,Personal,id,terjemahan,Bersihin HP,Hapus aplikasi yang nggak dipakai|Rapikan aplikasi di layar utama|Hapus foto dan file yang nggak perlu|Bersihin notifikasi yang numpuk|Restart HP-nya,5,Hapus aplikasi yang nggak dipakai,,0,dgrp_3efa4185,original,task_decomposition_en.csv (translated),,unknown (project-internal),2026-08-12,29.0,154,1,existing_indonesian_translation
dec_id_0155,Rapikan bookmark,beresin bookmark browser,Buka daftar bookmark|Hapus tautan yang udah mati atau nggak relevan|Buat folder per kategori|Pindahin bookmark ke foldernya|Sisain yang sering dipakai di bar atas,Personal,id,terjemahan,Rapikan bookmark,Buka daftar bookmark|Hapus tautan yang udah mati atau nggak relevan|Buat folder per kategori|Pindahin bookmark ke foldernya|Sisain yang sering dipakai di bar atas,5,Buka daftar bookmark,,0,dgrp_e6b750d7,original,task_decomposition_en.csv (translated),,unknown (project-internal),2026-08-12,31.6,155,1,existing_indonesian_translation
dec_id_0156,Bersihin email,beresin kotak masuk email,Hapus email promosi yang menumpuk|Berhenti langganan newsletter yang nggak dibaca|Arsipkan email lama yang udah selesai|Buat folder buat yang penting|Sisain inbox seringkas mungkin,Personal,id,terjemahan,Bersihin email,Hapus email promosi yang menumpuk|Berhenti langganan newsletter yang nggak dibaca|Arsipkan email lama yang udah selesai|Buat folder buat yang penting|Sisain inbox seringkas mungkin,5,Hapus email promosi yang menumpuk,,0,dgrp_687daa5c,original,task_decomposition_en.csv (translated),,unknown (project-internal),2026-08-12,35.2,156,1,existing_indonesian_translation
dec_id_0157,Rencanain keuangan,nyusun rencana keuangan pribadi,Cek pemasukan dan pengeluaran bulan lalu|Tandai pengeluaran yang bisa dikurangi|Tentuin target menabung yang realistis|Pisahin rekening kalau perlu|Cek ulang tiap akhir bulan,Personal,id,terjemahan,Rencanain keuangan,Cek pemasukan dan pengeluaran bulan lalu|Tandai pengeluaran yang bisa dikurangi|Tentuin target menabung yang realistis|Pisahin rekening kalau perlu|Cek ulang tiap akhir bulan,5,Cek pemasukan dan pengeluaran bulan lalu,,0,dgrp_467298f2,original,task_decomposition_en.csv (translated),,unknown (project-internal),2026-08-12,34.0,157,1,existing_indonesian_translation
dec_id_0158,Rencanain akhir pekan,nyusun rencana buat weekend,Tentuin 1 hal yang wajib kelar|Tentuin 1 hal yang bikin senang|Sisain waktu buat istirahat|Cek nggak kepadatan|Siapin yang perlu disiapin dari sekarang,Personal,id,terjemahan,Rencanain akhir pekan,Tentuin 1 hal yang wajib kelar|Tentuin 1 hal yang bikin senang|Sisain waktu buat istirahat|Cek nggak kepadatan|Siapin yang perlu disiapin dari sekarang,5,Tentuin 1 hal yang wajib kelar,,0,dgrp_ed43239e,original,task_decomposition_en.csv (translated),,unknown (project-internal),2026-08-12,29.4,158,1,existing_indonesian_translation
dec_id_0159,Rapikan catatan,beresin catatan yang berserakan,Kumpulin catatan dari berbagai tempat|Pisahin per topik|Pindahin ke satu aplikasi atau buku|Buang catatan yang udah nggak relevan|Tentuin di mana nulis catatan berikutnya,Personal,id,terjemahan,Rapikan catatan,Kumpulin catatan dari berbagai tempat|Pisahin per topik|Pindahin ke satu aplikasi atau buku|Buang catatan yang udah nggak relevan|Tentuin di mana nulis catatan berikutnya,5,Kumpulin catatan dari berbagai tempat,,0,dgrp_babc03b9,original,task_decomposition_en.csv (translated),,unknown (project-internal),2026-08-12,33.2,159,1,existing_indonesian_translation
dec_id_0160,Tata ruang kerja,nyiapin tempat kerja yang nyaman,Singkirin barang yang nggak dipakai dari meja|Atur posisi laptop dan kursi|Siapin alat yang sering dipakai|Atur pencahayaannya|Taruh air minum di dekat situ,Personal,id,terjemahan,Tata ruang kerja,Singkirin barang yang nggak dipakai dari meja|Atur posisi laptop dan kursi|Siapin alat yang sering dipakai|Atur pencahayaannya|Taruh air minum di dekat situ,5,Singkirin barang yang nggak dipakai dari meja,,0,dgrp_0554c3bd,original,task_decomposition_en.csv (translated),,unknown (project-internal),2026-08-12,30.4,160,1,existing_indonesian_translation
dec_id_0161,Siapin baju,nyiapin baju buat besok,Cek agenda besok|Pilih baju yang sesuai|Cek bersih dan nggak kusut|Siapin sepatu dan aksesorisnya|Taruh di tempat yang keliatan,Personal,id,terjemahan,Siapin baju,Cek agenda besok|Pilih baju yang sesuai|Cek bersih dan nggak kusut|Siapin sepatu dan aksesorisnya|Taruh di tempat yang keliatan,5,Cek agenda besok,,0,dgrp_8e02d8aa,original,task_decomposition_en.csv (translated),,unknown (project-internal),2026-08-12,24.6,161,1,existing_indonesian_translation
dec_id_0162,Siapin tas,nyiapin tas buat besok,Cek agenda dan kebutuhan besok|Masukin dokumen atau laptop|Masukin alat tulis dan botol minum|Cek dompet dan kunci|Taruh tas di dekat pintu,Personal,id,terjemahan,Siapin tas,Cek agenda dan kebutuhan besok|Masukin dokumen atau laptop|Masukin alat tulis dan botol minum|Cek dompet dan kunci|Taruh tas di dekat pintu,5,Cek agenda dan kebutuhan besok,,0,dgrp_4d848957,original,task_decomposition_en.csv (translated),,unknown (project-internal),2026-08-12,27.0,162,1,existing_indonesian_translation
dec_id_0163,Ambil keputusan,mutusin sesuatu yang tertunda,Tulis pilihan yang ada|Tulis plus minus tiap pilihan|Tentuin apa yang paling penting buat kamu|Pilih satu|Tulis langkah pertama dari pilihan itu,Personal,id,terjemahan,Ambil keputusan,Tulis pilihan yang ada|Tulis plus minus tiap pilihan|Tentuin apa yang paling penting buat kamu|Pilih satu|Tulis langkah pertama dari pilihan itu,5,Tulis pilihan yang ada,,0,dgrp_23a00e71,original,task_decomposition_en.csv (translated),,unknown (project-internal),2026-08-12,28.0,163,1,existing_indonesian_translation
dec_id_0164,Istirahat sebentar,ambil jeda pendek di tengah kerjaan,Berhenti dari yang lagi dikerjain|Berdiri dan jauhin layar|Minum air|Gerakin badan sebentar|Balik lagi setelah 5 menit,Perawatan diri,id,terjemahan,Istirahat sebentar,Berhenti dari yang lagi dikerjain|Berdiri dan jauhin layar|Minum air|Gerakin badan sebentar|Balik lagi setelah 5 menit,5,Berhenti dari yang lagi dikerjain,,0,dgrp_ebf51f1d,original,task_decomposition_en.csv (translated),,unknown (project-internal),2026-08-12,22.8,164,1,existing_indonesian_translation
dec_id_0165,Tenangin diri setelah kewalahan,recovery setelah kerasa overwhelmed,Berhenti dulu dari semua tugas|Tarik napas pelan beberapa kali|Minum air|Tulis 1 hal aja yang paling mendesak|Kerjain versi paling kecil dari hal itu,Perawatan diri,id,terjemahan,Tenangin diri setelah kewalahan,Berhenti dulu dari semua tugas|Tarik napas pelan beberapa kali|Minum air|Tulis 1 hal aja yang paling mendesak|Kerjain versi paling kecil dari hal itu,5,Berhenti dulu dari semua tugas,,0,dgrp_1ffbd694,original,task_decomposition_en.csv (translated),,unknown (project-internal),2026-08-12,29.0,165,1,existing_indonesian_translation
dec_id_0166,Mulai rutinitas pagi,ngejalanin rutinitas pagi,Bangun dan duduk dulu sebentar|Minum air putih|Cuci muka atau mandi|Makan sesuatu walau sedikit|Lihat rencana hari ini,Perawatan diri,id,terjemahan,Mulai rutinitas pagi,Bangun dan duduk dulu sebentar|Minum air putih|Cuci muka atau mandi|Makan sesuatu walau sedikit|Lihat rencana hari ini,5,Bangun dan duduk dulu sebentar,,0,dgrp_6c1cb298,original,task_decomposition_en.csv (translated),,unknown (project-internal),2026-08-12,22.8,166,1,existing_indonesian_translation
dec_id_0167,Siapin diri buat kelas,nyiapin diri sebelum kelas,Cek jadwal dan ruangannya|Siapin catatan dan alat tulis|Baca sekilas materi yang mau dibahas|Siapin minum|Berangkat lebih awal,Perawatan diri,id,terjemahan,Siapin diri buat kelas,Cek jadwal dan ruangannya|Siapin catatan dan alat tulis|Baca sekilas materi yang mau dibahas|Siapin minum|Berangkat lebih awal,5,Cek jadwal dan ruangannya,,0,dgrp_ea2a298a,original,task_decomposition_en.csv (translated),,unknown (project-internal),2026-08-12,24.4,167,1,existing_indonesian_translation
dec_id_0168,Siapin diri buat kerja,nyiapin diri sebelum mulai kerja,Lihat kalender hari ini|Tulis 3 hal terpenting|Siapin meja kerja|Siapin minum|Mulai dari yang pertama,Perawatan diri,id,terjemahan,Siapin diri buat kerja,Lihat kalender hari ini|Tulis 3 hal terpenting|Siapin meja kerja|Siapin minum|Mulai dari yang pertama,5,Lihat kalender hari ini,,0,dgrp_ea2a298a,original,task_decomposition_en.csv (translated),,unknown (project-internal),2026-08-12,19.4,168,1,existing_indonesian_translation
dec_id_0169,Jalan kaki,jalan santai sebentar,Pakai sepatu|Keluar tanpa mikirin jauhnya|Jalan 10 menit ke satu arah|Balik lagi|Minum air setelah sampai,Perawatan diri,id,terjemahan,Jalan kaki,Pakai sepatu|Keluar tanpa mikirin jauhnya|Jalan 10 menit ke satu arah|Balik lagi|Minum air setelah sampai,5,Pakai sepatu,,0,dgrp_3b1b87d8,original,task_decomposition_en.csv (translated),,unknown (project-internal),2026-08-12,20.2,169,1,existing_indonesian_translation
dec_id_0170,Peregangan,stretching biar badan nggak kaku,Berdiri dari kursi|Putar bahu dan leher pelan|Regangin punggung dan pinggang|Regangin kaki|Tarik napas dalam beberapa kali,Perawatan diri,id,terjemahan,Peregangan,Berdiri dari kursi|Putar bahu dan leher pelan|Regangin punggung dan pinggang|Regangin kaki|Tarik napas dalam beberapa kali,5,Berdiri dari kursi,,0,dgrp_7a5efbe6,original,task_decomposition_en.csv (translated),,unknown (project-internal),2026-08-12,23.6,170,1,existing_indonesian_translation
dec_id_0171,Siapin camilan sehat,nyiapin makanan ringan yang sehat,Cek apa yang ada di dapur|Pilih yang paling gampang disiapin|Siapin secukupnya|Makan pelan-pelan|Beresin bekasnya,Perawatan diri,id,terjemahan,Siapin camilan sehat,Cek apa yang ada di dapur|Pilih yang paling gampang disiapin|Siapin secukupnya|Makan pelan-pelan|Beresin bekasnya,5,Cek apa yang ada di dapur,,0,dgrp_25574524,original,task_decomposition_en.csv (translated),,unknown (project-internal),2026-08-12,21.8,171,1,existing_indonesian_translation
dec_id_0172,Minum air,mastiin cukup minum,Ambil gelas atau botol|Isi air|Minum sampai habis|Isi lagi dan taruh di dekat kamu|Pasang pengingat kalau sering lupa,Perawatan diri,id,terjemahan,Minum air,Ambil gelas atau botol|Isi air|Minum sampai habis|Isi lagi dan taruh di dekat kamu|Pasang pengingat kalau sering lupa,5,Ambil gelas atau botol,,0,dgrp_f0200a16,original,task_decomposition_en.csv (translated),,unknown (project-internal),2026-08-12,22.6,172,1,existing_indonesian_translation
dec_id_0173,Siapin olahraga,nyiapin diri buat olahraga,Tentuin mau olahraga apa|Siapin baju dan sepatunya|Siapin air minum|Pemanasan sebentar|Mulai dengan intensitas ringan,Perawatan diri,id,terjemahan,Siapin olahraga,Tentuin mau olahraga apa|Siapin baju dan sepatunya|Siapin air minum|Pemanasan sebentar|Mulai dengan intensitas ringan,5,Tentuin mau olahraga apa,,0,dgrp_bf594791,original,task_decomposition_en.csv (translated),,unknown (project-internal),2026-08-12,22.6,173,1,existing_indonesian_translation
dec_id_0174,Tenangin diri sebelum tidur,nyiapin diri biar gampang tidur,Matiin layar dan notifikasi|Redupkan lampu|Beresin hal kecil yang bikin kepikiran|Lakuin hal tenang misalnya baca|Naik ke tempat tidur di jam yang sama,Perawatan diri,id,terjemahan,Tenangin diri sebelum tidur,Matiin layar dan notifikasi|Redupkan lampu|Beresin hal kecil yang bikin kepikiran|Lakuin hal tenang misalnya baca|Naik ke tempat tidur di jam yang sama,5,Matiin layar dan notifikasi,,0,dgrp_ca5f5f9a,original,task_decomposition_en.csv (translated),,unknown (project-internal),2026-08-12,29.4,"174,179",2,existing_indonesian_translation|semantic_duplicate_existing_indonesian
dec_id_0175,Siapin diri buat janji temu,nyiapin diri sebelum janji penting,Cek waktu dan lokasinya|Siapin dokumen yang perlu dibawa|Siapin pertanyaan yang mau ditanyain|Perkirakan waktu perjalanan|Berangkat lebih awal,Perawatan diri,id,terjemahan,Siapin diri buat janji temu,Cek waktu dan lokasinya|Siapin dokumen yang perlu dibawa|Siapin pertanyaan yang mau ditanyain|Perkirakan waktu perjalanan|Berangkat lebih awal,5,Cek waktu dan lokasinya,,0,dgrp_3be9917e,original,task_decomposition_en.csv (translated),,unknown (project-internal),2026-08-12,27.6,"175,180",2,existing_indonesian_translation|semantic_duplicate_existing_indonesian
dec_id_0176,Bikin ruang yang tenang,nyiapin tempat yang bikin tenang,Singkirin barang yang berantakan dari pandangan|Atur pencahayaan yang nyaman|Matiin suara yang ganggu|Siapin sesuatu yang bikin nyaman misalnya minuman hangat|Duduk sebentar di situ,Perawatan diri,id,terjemahan,Bikin ruang yang tenang,Singkirin barang yang berantakan dari pandangan|Atur pencahayaan yang nyaman|Matiin suara yang ganggu|Siapin sesuatu yang bikin nyaman misalnya minuman hangat|Duduk sebentar di situ,5,Singkirin barang yang berantakan dari pandangan,,0,dgrp_5ff3dd42,original,task_decomposition_en.csv (translated),,unknown (project-internal),2026-08-12,35.4,"176,181",2,existing_indonesian_translation|semantic_duplicate_existing_indonesian
dec_id_0177,Mulai lagi setelah nunda,mulai tugas yang udah lama ditunda,Buka file atau bahan tugasnya|Baca bagian terakhir yang kamu kerjain|Kerjain 5 menit aja tanpa target|Berhenti kalau memang mau berhenti|Catat sampai mana kamu tadi,Perawatan diri,id,terjemahan,Mulai lagi setelah nunda,Buka file atau bahan tugasnya|Baca bagian terakhir yang kamu kerjain|Kerjain 5 menit aja tanpa target|Berhenti kalau memang mau berhenti|Catat sampai mana kamu tadi,5,Buka file atau bahan tugasnya,,0,dgrp_d3605ae8,original,task_decomposition_en.csv (translated),,unknown (project-internal),2026-08-12,32.0,"177,182",2,existing_indonesian_translation|semantic_duplicate_existing_indonesian
dec_id_0178,Bangkit setelah hari yang kelewat,balik jalan setelah sehari terlewat,Jangan hitung ulang yang kemarin|Lihat apa yang paling mendesak sekarang|Pilih 1 hal aja buat hari ini|Kerjain versi paling kecilnya|Tutup hari tanpa nyalahin diri,Perawatan diri,id,terjemahan,Bangkit setelah hari yang kelewat,Jangan hitung ulang yang kemarin|Lihat apa yang paling mendesak sekarang|Pilih 1 hal aja buat hari ini|Kerjain versi paling kecilnya|Tutup hari tanpa nyalahin diri,5,Jangan hitung ulang yang kemarin,,0,dgrp_0c1b6a1d,original,task_decomposition_en.csv (translated),,unknown (project-internal),2026-08-12,31.8,"178,183",2,existing_indonesian_translation|semantic_duplicate_existing_indonesian
dec_id_0179,Quiz,latihan soal sebelum quiz,Buka catatan materi yang mau di-quiz|Sorot rumus atau poin yang paling sering keluar|Kerjain 5 soal paling gampang dulu|Cek jawaban pakai kunci|Ulang soal yang salah aja,Akademik,id,kurasi,Quiz,Buka catatan materi yang mau di-quiz|Sorot rumus atau poin yang paling sering keluar|Kerjain 5 soal paling gampang dulu|Cek jawaban pakai kunci|Ulang soal yang salah aja,5,Buka catatan materi yang mau di-quiz,,1,dgrp_0e3e4835,original,focusbuddy_manual_curation,,unknown (project-internal),2026-08-12,33.0,184,1,exact_existing_indonesian_pattern
dec_id_0180,Ulangan harian,belajar buat ulangan besok,Buka materi bab yang diujiin|Baca ringkasan atau rangkuman dulu|Kerjain contoh soal 3 nomor|Tandai bagian yang masih bingung|Ulang bagian itu sekali lagi,Akademik,id,kurasi,Ulangan harian,Buka materi bab yang diujiin|Baca ringkasan atau rangkuman dulu|Kerjain contoh soal 3 nomor|Tandai bagian yang masih bingung|Ulang bagian itu sekali lagi,5,Buka materi bab yang diujiin,,1,dgrp_e92f742e,original,focusbuddy_manual_curation,,unknown (project-internal),2026-08-12,29.8,185,1,exact_existing_indonesian_pattern
dec_id_0181,Latihan soal,ngerjain soal latihan,Siapin buku dan alat tulis di meja|Kerjain nomor 1 aja dulu|Lanjut sampai nomor 5|Cek jawaban|Ulang yang salah,Akademik,id,kurasi,Latihan soal,Siapin buku dan alat tulis di meja|Kerjain nomor 1 aja dulu|Lanjut sampai nomor 5|Cek jawaban|Ulang yang salah,5,Siapin buku dan alat tulis di meja,,1,dgrp_a2355a96,original,focusbuddy_manual_curation,,unknown (project-internal),2026-08-12,21.2,186,1,exact_existing_indonesian_pattern
dec_id_0182,Tugas kuliah,ngerjain tugas dari dosen,Baca ulang instruksi tugasnya|Tulis kerangka jawaban 3 poin|Kembangin poin pertama|Lanjut poin berikutnya|Rapikan format sesuai ketentuan,Akademik,id,kurasi,Tugas kuliah,Baca ulang instruksi tugasnya|Tulis kerangka jawaban 3 poin|Kembangin poin pertama|Lanjut poin berikutnya|Rapikan format sesuai ketentuan,5,Baca ulang instruksi tugasnya,,1,dgrp_ec05d8fd,original,focusbuddy_manual_curation,,unknown (project-internal),2026-08-12,26.6,187,1,exact_existing_indonesian_pattern
dec_id_0183,Laporan praktikum,bikin laporan hasil praktikum,Kumpulin data hasil praktikum|Isi bagian tujuan dan dasar teori|Masukin tabel data dan hitungan|Tulis pembahasan|Tulis kesimpulan,Akademik,id,kurasi,Laporan praktikum,Kumpulin data hasil praktikum|Isi bagian tujuan dan dasar teori|Masukin tabel data dan hitungan|Tulis pembahasan|Tulis kesimpulan,5,Kumpulin data hasil praktikum,,1,dgrp_0827c5df,original,focusbuddy_manual_curation,,unknown (project-internal),2026-08-12,25.0,188,1,exact_existing_indonesian_pattern
dec_id_0184,Makalah,nulis makalah,Tentuin topik dan judulnya|Cari 3 sumber referensi|Bikin outline bab per bab|Tulis pendahuluan dulu|Lanjut ke isi,Akademik,id,kurasi,Makalah,Tentuin topik dan judulnya|Cari 3 sumber referensi|Bikin outline bab per bab|Tulis pendahuluan dulu|Lanjut ke isi,5,Tentuin topik dan judulnya,,1,dgrp_7a4e9c94,original,focusbuddy_manual_curation,,unknown (project-internal),2026-08-12,21.8,189,1,exact_existing_indonesian_pattern
dec_id_0185,Essay,nulis essay,Tulis 3 poin utama yang mau dibahas|Kembangin poin pertama jadi paragraf|Lanjut poin kedua dan ketiga|Bikin pembuka|Bikin penutup,Akademik,id,kurasi,Essay,Tulis 3 poin utama yang mau dibahas|Kembangin poin pertama jadi paragraf|Lanjut poin kedua dan ketiga|Bikin pembuka|Bikin penutup,5,Tulis 3 poin utama yang mau dibahas,,1,dgrp_3beaf1c5,original,focusbuddy_manual_curation,,unknown (project-internal),2026-08-12,25.0,190,1,exact_existing_indonesian_pattern
dec_id_0186,Presentasi kelompok,siapin presentasi bareng kelompok,Bagi tugas di grup chat|Bikin outline slide 5 poin|Isi slide bagian kamu aja|Gabungin sama punya teman|Latihan ngomong sekali,Akademik,id,kurasi,Presentasi kelompok,Bagi tugas di grup chat|Bikin outline slide 5 poin|Isi slide bagian kamu aja|Gabungin sama punya teman|Latihan ngomong sekali,5,Bagi tugas di grup chat,,1,dgrp_8935ec5c,original,focusbuddy_manual_curation,,unknown (project-internal),2026-08-12,24.2,191,1,exact_existing_indonesian_pattern
dec_id_0187,Bikin slide presentasi,nyiapin slide buat presentasi,Tulis outline poin per slide|Bikin slide judul dan penutup dulu|Isi slide isi satu per satu|Cek typo|Rapikan font dan warna,Kerja,id,kurasi,Bikin slide presentasi,Tulis outline poin per slide|Bikin slide judul dan penutup dulu|Isi slide isi satu per satu|Cek typo|Rapikan font dan warna,5,Tulis outline poin per slide,,1,dgrp_ce50a4fd,original,focusbuddy_manual_curation,,unknown (project-internal),2026-08-12,23.8,192,1,exact_existing_indonesian_pattern
dec_id_0188,Proposal skripsi,nyusun proposal skripsi,Tentuin topik yang mau diangkat|Cari 3 jurnal pendukung|Tulis latar belakang 1 paragraf|Rumusin masalah|Tulis tujuan penelitian,Akademik,id,kurasi,Proposal skripsi,Tentuin topik yang mau diangkat|Cari 3 jurnal pendukung|Tulis latar belakang 1 paragraf|Rumusin masalah|Tulis tujuan penelitian,5,Tentuin topik yang mau diangkat,,1,dgrp_3bea91df,original,focusbuddy_manual_curation,,unknown (project-internal),2026-08-12,24.6,193,1,exact_existing_indonesian_pattern
dec_id_0189,Skripsi bab,ngerjain satu bab skripsi,Buka dokumen dan baca bagian terakhir yang ditulis|Tulis kerangka sub-bab|Kembangin sub-bab pertama|Lanjut sub-bab berikutnya|Cek sitasi dan format,Akademik,id,kurasi,Skripsi bab,Buka dokumen dan baca bagian terakhir yang ditulis|Tulis kerangka sub-bab|Kembangin sub-bab pertama|Lanjut sub-bab berikutnya|Cek sitasi dan format,5,Buka dokumen dan baca bagian terakhir yang ditulis,,1,dgrp_c59e1c52,original,focusbuddy_manual_curation,,unknown (project-internal),2026-08-12,28.6,194,1,exact_existing_indonesian_pattern
dec_id_0190,Revisi dari dosen,benerin revisi yang dikasih dosen,Baca semua catatan revisi sekali|Urutin dari yang paling gampang|Kerjain revisi paling gampang dulu|Lanjut yang lebih berat|Tandai yang udah dibenerin,Akademik,id,kurasi,Revisi dari dosen,Baca semua catatan revisi sekali|Urutin dari yang paling gampang|Kerjain revisi paling gampang dulu|Lanjut yang lebih berat|Tandai yang udah dibenerin,5,Baca semua catatan revisi sekali,,1,dgrp_5f960911,original,focusbuddy_manual_curation,,unknown (project-internal),2026-08-12,29.2,195,1,exact_existing_indonesian_pattern
dec_id_0191,Revisi dokumen,benerin dokumen sesuai masukan,Baca semua komentar dulu tanpa ngedit|Kelompokin mana yang mirip|Benerin yang paling cepat dulu|Kerjain sisanya|Cek ulang keseluruhan,Kerja,id,kurasi,Revisi dokumen,Baca semua komentar dulu tanpa ngedit|Kelompokin mana yang mirip|Benerin yang paling cepat dulu|Kerjain sisanya|Cek ulang keseluruhan,5,Baca semua komentar dulu tanpa ngedit,,1,dgrp_3c017d5b,original,focusbuddy_manual_curation,,unknown (project-internal),2026-08-12,25.8,196,1,exact_existing_indonesian_pattern
dec_id_0192,Baca materi kuliah,baca materi sebelum kelas,Buka slide atau modul minggu ini|Baca judul dan subjudulnya dulu|Baca isi sambil nyorot poin penting|Tulis 1 pertanyaan buat ditanyain|Simpan catatannya,Akademik,id,kurasi,Baca materi kuliah,Buka slide atau modul minggu ini|Baca judul dan subjudulnya dulu|Baca isi sambil nyorot poin penting|Tulis 1 pertanyaan buat ditanyain|Simpan catatannya,5,Buka slide atau modul minggu ini,,1,dgrp_fbe3e7c7,original,focusbuddy_manual_curation,,unknown (project-internal),2026-08-12,29.6,198,1,exact_existing_indonesian_pattern
dec_id_0193,Rangkum materi,bikin rangkuman materi,Buka materi yang mau dirangkum|Tulis subjudulnya dulu sebagai kerangka|Isi tiap subjudul 2-3 kalimat|Tandai yang masih belum paham|Simpan ringkasannya,Akademik,id,kurasi,Rangkum materi,Buka materi yang mau dirangkum|Tulis subjudulnya dulu sebagai kerangka|Isi tiap subjudul 2-3 kalimat|Tandai yang masih belum paham|Simpan ringkasannya,5,Buka materi yang mau dirangkum,,1,dgrp_9ecb1bb7,original,focusbuddy_manual_curation,,unknown (project-internal),2026-08-12,29.2,199,1,exact_existing_indonesian_pattern
dec_id_0194,Kerja kelompok,ngerjain tugas kelompok,Buka grup dan cek progres terakhir|Kerjain bagian yang jadi tanggung jawab kamu|Kirim hasilnya ke grup|Cek bagian orang lain kalau sempat|Bantu gabungin,Akademik,id,kurasi,Kerja kelompok,Buka grup dan cek progres terakhir|Kerjain bagian yang jadi tanggung jawab kamu|Kirim hasilnya ke grup|Cek bagian orang lain kalau sempat|Bantu gabungin,5,Buka grup dan cek progres terakhir,,1,dgrp_b3966500,original,focusbuddy_manual_curation,,unknown (project-internal),2026-08-12,29.6,200,1,exact_existing_indonesian_pattern
dec_id_0195,Daftar ulang,urus daftar ulang semester,Cek dokumen apa aja yang diminta|Siapin berkas yang udah ada|Scan atau foto yang kurang|Upload atau serahin ke bagian akademik|Simpan bukti,Administrasi,id,kurasi,Daftar ulang,Cek dokumen apa aja yang diminta|Siapin berkas yang udah ada|Scan atau foto yang kurang|Upload atau serahin ke bagian akademik|Simpan bukti,5,Cek dokumen apa aja yang diminta,,1,dgrp_114d7d5c,original,focusbuddy_manual_curation,,unknown (project-internal),2026-08-12,27.0,201,1,exact_existing_indonesian_pattern
dec_id_0196,Isi KRS,ngisi KRS semester baru,Cek mata kuliah yang wajib diambil|Susun jadwal biar nggak bentrok|Isi di portal akademik|Minta persetujuan dosen wali|Simpan bukti pengisian,Administrasi,id,kurasi,Isi KRS,Cek mata kuliah yang wajib diambil|Susun jadwal biar nggak bentrok|Isi di portal akademik|Minta persetujuan dosen wali|Simpan bukti pengisian,5,Cek mata kuliah yang wajib diambil,,1,dgrp_cf375bf6,original,focusbuddy_manual_curation,,unknown (project-internal),2026-08-12,27.4,202,1,exact_existing_indonesian_pattern
dec_id_0197,Laporan bulanan,bikin laporan rutin bulanan,Kumpulin data bulan ini|Bikin tabel ringkasan|Bikin 1 grafik tren|Tulis 3 poin temuan utama|Kirim ke yang bersangkutan,Kerja,id,kurasi,Laporan bulanan,Kumpulin data bulan ini|Bikin tabel ringkasan|Bikin 1 grafik tren|Tulis 3 poin temuan utama|Kirim ke yang bersangkutan,5,Kumpulin data bulan ini,,1,dgrp_02ef20f8,original,focusbuddy_manual_curation,,unknown (project-internal),2026-08-12,22.8,203,1,exact_existing_indonesian_pattern
dec_id_0198,Laporan mingguan,bikin laporan progres mingguan,Cek apa aja yang kelar minggu ini|Tulis poin progres|Tulis kendala kalau ada|Tulis rencana minggu depan|Kirim ke atasan,Kerja,id,kurasi,Laporan mingguan,Cek apa aja yang kelar minggu ini|Tulis poin progres|Tulis kendala kalau ada|Tulis rencana minggu depan|Kirim ke atasan,5,Cek apa aja yang kelar minggu ini,,1,dgrp_9f1585cd,original,focusbuddy_manual_curation,,unknown (project-internal),2026-08-12,23.0,204,1,exact_existing_indonesian_pattern
dec_id_0199,Rekap data,ngerekap data buat laporan,Ekspor atau kumpulin datanya dulu|Bersihin data yang kosong atau dobel|Bikin tabel ringkasan|Cek angkanya masuk akal|Simpan hasilnya,Kerja,id,kurasi,Rekap data,Ekspor atau kumpulin datanya dulu|Bersihin data yang kosong atau dobel|Bikin tabel ringkasan|Cek angkanya masuk akal|Simpan hasilnya,5,Ekspor atau kumpulin datanya dulu,,1,dgrp_f73ae2b5,original,focusbuddy_manual_curation,,unknown (project-internal),2026-08-12,25.6,205,1,exact_existing_indonesian_pattern
dec_id_0200,Persiapan meeting,nyiapin bahan buat meeting,Baca undangan dan agendanya|Siapin poin yang mau disampaikan|Siapin data pendukung kalau perlu|Cek link atau ruangannya|Siapin catatan,Kerja,id,kurasi,Persiapan meeting,Baca undangan dan agendanya|Siapin poin yang mau disampaikan|Siapin data pendukung kalau perlu|Cek link atau ruangannya|Siapin catatan,5,Baca undangan dan agendanya,,1,dgrp_39675318,original,focusbuddy_manual_curation,,unknown (project-internal),2026-08-12,26.0,206,1,exact_existing_indonesian_pattern
dec_id_0201,Balas email,balas email yang numpuk,Buka inbox dan urutin dari yang terbaru|Balas 3 yang paling penting dulu|Arsipkan yang nggak perlu dibalas|Tandai yang butuh waktu lama buat nanti|Tutup inbox,Kerja,id,kurasi,Balas email,Buka inbox dan urutin dari yang terbaru|Balas 3 yang paling penting dulu|Arsipkan yang nggak perlu dibalas|Tandai yang butuh waktu lama buat nanti|Tutup inbox,5,Buka inbox dan urutin dari yang terbaru,,1,dgrp_26b174b7,original,focusbuddy_manual_curation,,unknown (project-internal),2026-08-12,30.8,207,1,exact_existing_indonesian_pattern
dec_id_0202,Balas chat kerjaan,balas pesan kerjaan yang tertunda,Buka daftar chat yang belum dibalas|Balas yang cuma butuh 1 kalimat dulu|Balas yang butuh mikir setelahnya|Tandai yang perlu ditindaklanjuti|Tutup aplikasi,Komunikasi,id,kurasi,Balas chat kerjaan,Buka daftar chat yang belum dibalas|Balas yang cuma butuh 1 kalimat dulu|Balas yang butuh mikir setelahnya|Tandai yang perlu ditindaklanjuti|Tutup aplikasi,5,Buka daftar chat yang belum dibalas,,1,dgrp_ce364abc,original,focusbuddy_manual_curation,,unknown (project-internal),2026-08-12,30.2,208,1,exact_existing_indonesian_pattern
dec_id_0203,Review dokumen,review dokumen dari orang lain,Baca sekali tanpa ngasih komentar|Baca ulang sambil nandain yang janggal|Tulis komentar di bagian yang perlu|Rangkum masukan utamanya|Kirim balik,Kerja,id,kurasi,Review dokumen,Baca sekali tanpa ngasih komentar|Baca ulang sambil nandain yang janggal|Tulis komentar di bagian yang perlu|Rangkum masukan utamanya|Kirim balik,5,Baca sekali tanpa ngasih komentar,kontaminasi_inggris:review,1,dgrp_585ad1ce,original,focusbuddy_manual_curation,,unknown (project-internal),2026-08-12,28.2,209,1,exact_existing_indonesian_pattern
dec_id_0204,Bikin proposal,nyusun proposal,Tulis latar belakang masalahnya|Tulis solusi yang ditawarkan|Rincian anggaran atau timeline|Rapikan format|Cek ulang sebelum kirim,Kerja,id,kurasi,Bikin proposal,Tulis latar belakang masalahnya|Tulis solusi yang ditawarkan|Rincian anggaran atau timeline|Rapikan format|Cek ulang sebelum kirim,5,Tulis latar belakang masalahnya,,1,dgrp_cd87257d,original,focusbuddy_manual_curation,,unknown (project-internal),2026-08-12,25.2,210,1,exact_existing_indonesian_pattern
dec_id_0205,Bikin CV,update CV,Buka CV lama|Tambahin pengalaman terbaru|Hapus yang udah nggak relevan|Cek typo|Rapikan format,Kerja,id,kurasi,Bikin CV,Buka CV lama|Tambahin pengalaman terbaru|Hapus yang udah nggak relevan|Cek typo|Rapikan format,5,Buka CV lama,,1,dgrp_b1adf981,original,focusbuddy_manual_curation,,unknown (project-internal),2026-08-12,18.0,211,1,exact_existing_indonesian_pattern
dec_id_0206,Beresin meja kerja,meja kerja berantakan,Singkirin barang yang bukan tempatnya|Buang kertas atau sampah|Lap mejanya|Tata ulang yang sering dipakai|Rapikan kabel,Rumah,id,kurasi,Beresin meja kerja,Singkirin barang yang bukan tempatnya|Buang kertas atau sampah|Lap mejanya|Tata ulang yang sering dipakai|Rapikan kabel,5,Singkirin barang yang bukan tempatnya,,1,dgrp_5afc13f2,original,focusbuddy_manual_curation,,unknown (project-internal),2026-08-12,23.0,214,1,exact_existing_indonesian_pattern
dec_id_0207,Masak,masak buat makan,Cek bahan yang ada di kulkas|Siapin bahan dan alatnya|Masak sesuai urutan|Sajikan|Beresin dapur setelah selesai,Rumah,id,kurasi,Masak,Cek bahan yang ada di kulkas|Siapin bahan dan alatnya|Masak sesuai urutan|Sajikan|Beresin dapur setelah selesai,5,Cek bahan yang ada di kulkas,,1,dgrp_fe78d936,original,focusbuddy_manual_curation,,unknown (project-internal),2026-08-12,21.4,216,1,exact_existing_indonesian_pattern
dec_id_0208,Olahraga,olahraga ringan,Ganti baju olahraga|Pemanasan 5 menit|Olahraga inti sesuai kemampuan|Pendinginan|Minum air,Perawatan diri,id,kurasi,Olahraga,Ganti baju olahraga|Pemanasan 5 menit|Olahraga inti sesuai kemampuan|Pendinginan|Minum air,5,Ganti baju olahraga,,1,dgrp_bf594791,original,focusbuddy_manual_curation,,unknown (project-internal),2026-08-12,17.2,218,1,exact_existing_indonesian_pattern
dec_id_0209,Urus berkas,ngurus dokumen administrasi,Cek syarat dan dokumen yang diminta|Siapin berkas yang udah ada|Lengkapi yang masih kurang|Datang atau upload ke tempat pengurusan|Simpan bukti,Administrasi,id,kurasi,Urus berkas,Cek syarat dan dokumen yang diminta|Siapin berkas yang udah ada|Lengkapi yang masih kurang|Datang atau upload ke tempat pengurusan|Simpan bukti,5,Cek syarat dan dokumen yang diminta,,1,dgrp_f63e50c5,original,focusbuddy_manual_curation,,unknown (project-internal),2026-08-12,27.8,219,1,exact_existing_indonesian_pattern
dec_id_0210,Perpanjang STNK,perpanjang STNK yang mau habis,Siapin KTP STNK dan BPKB|Cek lokasi dan jam layanan Samsat|Datang dan ambil nomor antrean|Bayar|Simpan bukti,Administrasi,id,kurasi,Perpanjang STNK,Siapin KTP STNK dan BPKB|Cek lokasi dan jam layanan Samsat|Datang dan ambil nomor antrean|Bayar|Simpan bukti,5,Siapin KTP STNK dan BPKB,langkah_kosong_atau_terlalu_pendek,1,dgrp_ada513b7,original,focusbuddy_manual_curation,,unknown (project-internal),2026-08-12,20.8,220,1,exact_existing_indonesian_pattern
dec_id_0211,Booking tiket,pesan tiket perjalanan,Tentuin tanggal dan jam keberangkatan|Bandingin harga di 2 aplikasi|Pesan yang paling cocok|Bayar|Simpan bukti pemesanan,Administrasi,id,kurasi,Booking tiket,Tentuin tanggal dan jam keberangkatan|Bandingin harga di 2 aplikasi|Pesan yang paling cocok|Bayar|Simpan bukti pemesanan,5,Tentuin tanggal dan jam keberangkatan,langkah_kosong_atau_terlalu_pendek,1,dgrp_1f0dc1fa,original,focusbuddy_manual_curation,,unknown (project-internal),2026-08-12,23.2,221,1,exact_existing_indonesian_pattern
